name,ra,dec,source_id,solution_id,source_id_2,classprob_dsc_combmod_quasar,classprob_dsc_combmod_galaxy,classprob_dsc_combmod_star,classprob_dsc_combmod_whitedwarf,classprob_dsc_combmod_binarystar,classprob_dsc_specmod_quasar,classprob_dsc_specmod_galaxy,classprob_dsc_specmod_star,classprob_dsc_specmod_whitedwarf,classprob_dsc_specmod_binarystar,classprob_dsc_allosmod_quasar,classprob_dsc_allosmod_galaxy,classprob_dsc_allosmod_star,teff_gspphot,teff_gspphot_lower,teff_gspphot_upper,logg_gspphot,logg_gspphot_lower,logg_gspphot_upper,mh_gspphot,mh_gspphot_lower,mh_gspphot_upper,distance_gspphot,distance_gspphot_lower,distance_gspphot_upper,azero_gspphot,azero_gspphot_lower,azero_gspphot_upper,ag_gspphot,ag_gspphot_lower,ag_gspphot_upper,abp_gspphot,abp_gspphot_lower,abp_gspphot_upper,arp_gspphot,arp_gspphot_lower,arp_gspphot_upper,ebpminrp_gspphot,ebpminrp_gspphot_lower,ebpminrp_gspphot_upper,mg_gspphot,mg_gspphot_lower,mg_gspphot_upper,radius_gspphot,radius_gspphot_lower,radius_gspphot_upper,logposterior_gspphot,mcmcaccept_gspphot,libname_gspphot,teff_gspspec,teff_gspspec_lower,teff_gspspec_upper,logg_gspspec,logg_gspspec_lower,logg_gspspec_upper,mh_gspspec,mh_gspspec_lower,mh_gspspec_upper,alphafe_gspspec,alphafe_gspspec_lower,alphafe_gspspec_upper,fem_gspspec,fem_gspspec_lower,fem_gspspec_upper,fem_gspspec_nlines,fem_gspspec_linescatter,sife_gspspec,sife_gspspec_lower,sife_gspspec_upper,sife_gspspec_nlines,sife_gspspec_linescatter,cafe_gspspec,cafe_gspspec_lower,cafe_gspspec_upper,cafe_gspspec_nlines,cafe_gspspec_linescatter,tife_gspspec,tife_gspspec_lower,tife_gspspec_upper,tife_gspspec_nlines,tife_gspspec_linescatter,mgfe_gspspec,mgfe_gspspec_lower,mgfe_gspspec_upper,mgfe_gspspec_nlines,mgfe_gspspec_linescatter,ndfe_gspspec,ndfe_gspspec_lower,ndfe_gspspec_upper,ndfe_gspspec_nlines,ndfe_gspspec_linescatter,feiim_gspspec,feiim_gspspec_lower,feiim_gspspec_upper,feiim_gspspec_nlines,feiim_gspspec_linescatter,sfe_gspspec,sfe_gspspec_lower,sfe_gspspec_upper,sfe_gspspec_nlines,sfe_gspspec_linescatter,zrfe_gspspec,zrfe_gspspec_lower,zrfe_gspspec_upper,zrfe_gspspec_nlines,zrfe_gspspec_linescatter,nfe_gspspec,nfe_gspspec_lower,nfe_gspspec_upper,nfe_gspspec_nlines,nfe_gspspec_linescatter,crfe_gspspec,crfe_gspspec_lower,crfe_gspspec_upper,crfe_gspspec_nlines,crfe_gspspec_linescatter,cefe_gspspec,cefe_gspspec_lower,cefe_gspspec_upper,cefe_gspspec_nlines,cefe_gspspec_linescatter,nife_gspspec,nife_gspspec_lower,nife_gspspec_upper,nife_gspspec_nlines,nife_gspspec_linescatter,cn0ew_gspspec,cn0ew_gspspec_uncertainty,cn0_gspspec_centralline,cn0_gspspec_width,dib_gspspec_lambda,dib_gspspec_lambda_uncertainty,dibew_gspspec,dibew_gspspec_uncertainty,dibewnoise_gspspec_uncertainty,dibp0_gspspec,dibp2_gspspec,dibp2_gspspec_uncertainty,dibqf_gspspec,flags_gspspec,logchisq_gspspec,ew_espels_halpha,ew_espels_halpha_uncertainty,ew_espels_halpha_flag,ew_espels_halpha_model,classlabel_espels,classlabel_espels_flag,classprob_espels_wcstar,classprob_espels_wnstar,classprob_espels_bestar,classprob_espels_ttauristar,classprob_espels_herbigstar,classprob_espels_dmestar,classprob_espels_pne,azero_esphs,azero_esphs_uncertainty,ag_esphs,ag_esphs_uncertainty,ebpminrp_esphs,ebpminrp_esphs_uncertainty,teff_esphs,teff_esphs_uncertainty,logg_esphs,logg_esphs_uncertainty,vsini_esphs,vsini_esphs_uncertainty,flags_esphs,spectraltype_esphs,activityindex_espcs,activityindex_espcs_uncertainty,activityindex_espcs_input,teff_espucd,teff_espucd_uncertainty,flags_espucd,radius_flame,radius_flame_lower,radius_flame_upper,lum_flame,lum_flame_lower,lum_flame_upper,mass_flame,mass_flame_lower,mass_flame_upper,age_flame,age_flame_lower,age_flame_upper,flags_flame,evolstage_flame,gravredshift_flame,gravredshift_flame_lower,gravredshift_flame_upper,bc_flame,mh_msc,mh_msc_upper,mh_msc_lower,azero_msc,azero_msc_upper,azero_msc_lower,distance_msc,distance_msc_upper,distance_msc_lower,teff_msc1,teff_msc1_upper,teff_msc1_lower,teff_msc2,teff_msc2_upper,teff_msc2_lower,logg_msc1,logg_msc1_upper,logg_msc1_lower,logg_msc2,logg_msc2_upper,logg_msc2_lower,ag_msc,ag_msc_upper,ag_msc_lower,logposterior_msc,mcmcaccept_msc,mcmcdrift_msc,flags_msc,neuron_oa_id,neuron_oa_dist,neuron_oa_dist_percentile_rank,flags_oa,source_id_3,rgeo_gaiadist,b_rgeo_gaiadist,B_rgeo_gaiadist,rpgeo_gaiadist,b_rpgeo_gaiadist,B_rpgeo_gaiadist,flag,ph_qual,tmass_oid,_2MASS_2mass,RAJ2000_2mass,DEJ2000_2mass,err_maj,err_min,err_ang,Jmag_2mass,e_Jmag_2mass,Hmag_2mass,e_Hmag_2mass,Kmag_2mass,e_Kmag_2mass,ext_key,j_date,allwise_oid,AllWISE_allwise,RAJ2000_allwise,DEJ2000_allwise,ra_error,dec_error,radec_co_error,W1mag_allwise,e_W1mag_allwise,W2mag_allwise,e_W2mag_allwise,W3mag_allwise,e_W3mag_allwise,W4mag_allwise,e_W4mag_allwise,cc_flags,ext_flag,var_flag,ph_qual_2,w1mjd_mean,w2mjd_mean,w3mjd_mean,w4mjd_mean,w1gmag,w1gmag_error,w2gmag,w2gmag_error,w3gmag,w3gmag_error,w4gmag,w4gmag_error,tmass_key
IC2395_CXO-18.0,130.54910025136317,-48.10913807004356,5329116157274184704,,,,,,,,,,,,,,,,,,,,,,,,,,,,,,,,,,,,,,,,,,,,,,,,,,,,,,,,,,,,,,,,,,,,,,,,,,,,,,,,,,,,,,,,,,,,,,,,,,,,,,,,,,,,,,,,,,,,,,,,,,,,,,,,,,,,,,,,,,,,,,,,,,,,,,,,,,,,,,,,,,,,,,,,,,,,,,,,,,,,,,,,,,,,,,,,,,,,,,,,,,,,,,,,,,,,,,,,,,,,,,,,,,,,,,,,,,,,,,,,,,,,,,,,,,,,,,,,,,,,,,,,,,,,,,,,,,,,,,,,,,
IC2395_CXO-21.0,130.60455996446296,-48.09434647842238,5329121959764295680,,,,,,,,,,,,,,,,,,,,,,,,,,,,,,,,,,,,,,,,,,,,,,,,,,,,,,,,,,,,,,,,,,,,,,,,,,,,,,,,,,,,,,,,,,,,,,,,,,,,,,,,,,,,,,,,,,,,,,,,,,,,,,,,,,,,,,,,,,,,,,,,,,,,,,,,,,,,,,,,,,,,,,,,,,,,,,,,,,,,,,,,,,,,,,,,,,,,,,,,,,,,,,,,,,,,,,,,,,,,,,,,,,,,,,,,,,,,,,,,,,,,,,,,,,,,,,,,,,,,,,,,,,,,,,,,,,,,,,,,,,
IC2395_CXO-2.0,130.61490136081335,-48.17744097214102,5329109663274475520,,,,,,,,,,,,,,,,,,,,,,,,,,,,,,,,,,,,,,,,,,,,,,,,,,,,,,,,,,,,,,,,,,,,,,,,,,,,,,,,,,,,,,,,,,,,,,,,,,,,,,,,,,,,,,,,,,,,,,,,,,,,,,,,,,,,,,,,,,,,,,,,,,,,,,,,,,,,,,,,,,,,,,,,,,,,,,,,,,,,,,,,,,,,,,,,,,,,,,,,,,,,,,,,,,,,,,,,,,,,,,,,,,,,,,,,,,,,,,,,,,,,,,,,,,,,,,,,,,,,,,,,,,,,,,,,,,,,,,,,,,
IC2395_CXO-11.0,130.5792457691213,-48.13680822935239,5329121757911610368,,,,,,,,,,,,,,,,,,,,,,,,,,,,,,,,,,,,,,,,,,,,,,,,,,,,,,,,,,,,,,,,,,,,,,,,,,,,,,,,,,,,,,,,,,,,,,,,,,,,,,,,,,,,,,,,,,,,,,,,,,,,,,,,,,,,,,,,,,,,,,,,,,,,,,,,,,,,,,,,,,,,,,,,,,,,,,,,,,,,,,,,,,,,,,,,,,,,,,,,,,,,,,,,,,,,,,,,,,,,,,,,,,,,,,,,,,,,,,,,,,,,,,,,,,,,,,,,,,,,,,,,,,,,,,,,,,,,,,,,,,
IC2395_CXO-15.0,130.74482790072577,-48.12411586840355,5329109560204681216,,,,,,,,,,,,,,,,,,,,,,,,,,,,,,,,,,,,,,,,,,,,,,,,,,,,,,,,,,,,,,,,,,,,,,,,,,,,,,,,,,,,,,,,,,,,,,,,,,,,,,,,,,,,,,,,,,,,,,,,,,,,,,,,,,,,,,,,,,,,,,,,,,,,,,,,,,,,,,,,,,,,,,,,,,,,,,,,,,,,,,,,,,,,,,,,,,,,,,,,,,,,,,,,,,,,,,,,,,,,,,,,,,,,,,,,,,,,,,,,,,,,,,,,,,,,,,,,,,,,,,,,,,,,,,,,,,,,,,,,,,
IC2395_CXO-5.0,130.61958014507596,-48.15548633225576,5329109766362993664,,,,,,,,,,,,,,,,,,,,,,,,,,,,,,,,,,,,,,,,,,,,,,,,,,,,,,,,,,,,,,,,,,,,,,,,,,,,,,,,,,,,,,,,,,,,,,,,,,,,,,,,,,,,,,,,,,,,,,,,,,,,,,,,,,,,,,,,,,,,,,,,,,,,,,,,,,,,,,,,,,,,,,,,,,,,,,,,,,,,,,,,,,,,,,,,,,,,,,,,,,,,,,,,,,,,,,,,,,,,,,,,,,,,,,,,,,,,,,,,,,,,,,,,,,,,,,,,,,,,,,,,,,,,,,,,,,,,,,,,,,
IC2395_CXO-16.0,130.56037242560387,-48.12254164797685,5329115946810034176,1636148068921376768,5329115946810034176,1.0228276e-13,5.1089726e-13,0.9999742,2.0076848e-12,2.5784222e-05,0.0,0.0,0.99742806,0.0,0.00257192,0.0,0.0,1.0,5847.5986,5837.005,5859.987,3.9794,3.9716,3.9858,-0.5323,-0.5431,-0.5194,645.451,637.342,655.6764,0.3794,0.3731,0.3869,0.3178,0.3124,0.3242,0.3996,0.3929,0.4075,0.2272,0.2234,0.2317,0.1724,0.1694,0.1758,3.0005,2.9597,3.0326,2.1132,2.0894,2.1429,-1283.7992,0.49924764,MARCS,,,,,,,,,,,,,,,,,,,,,,,,,,,,,,,,,,,,,,,,,,,,,,,,,,,,,,,,,,,,,,,,,,,,,,,,,,,,,,,,,,,,,,,,,,,,,0.12787913,0.02155487,0,0.12379,,,,,,,,,,,,,,,,,,,,,,93,G,0.069575064,0.002289662,M2,,,,2.3468237,2.2908084,2.4123106,5.8037715,5.652559,6.029645,1.3238295,1.2832115,1.3650702,3.876021,3.436917,4.3109636,00,437,0.46735358,0.4656336,0.46930072,0.053993568,0.028357785,0.5,-0.1625809,0.38978776,0.48916867,0.0,410.99646,745.41174,340.20087,5746.69,6525.4155,5622.0513,4739.4316,5237.7275,4371.424,4.4646816,4.6002274,4.3042784,4.31588,4.5333843,4.166334,0.3127308,0.39189082,0.0,-1487.2102,0.15479714,0.12404615,1,,,,,5329115946810034176,719.81195,708.6424,731.29205,719.0095,709.80505,731.1272,10033,AAA,101965516,08421449-4807212,130.560415,-48.122578,0.07,0.06,0,11.195,0.024,10.756,0.021,10.722,0.021,,2451138.849,108232184,J084214.49-480721.3,130.5603752,-48.1225842,0.0373,0.0403,-0.0106,10.629,0.023,10.672,0.021,10.95,0.2,8.689,,hhHH,0,nnnn,AABU,55437.12255929,55437.12255929,55341.94870031,55341.94870031,,,,,,,,,157282548
IC2395_CXO-106.0,130.57078683070668,-47.98650832366783,5329123780830457856,,,,,,,,,,,,,,,,,,,,,,,,,,,,,,,,,,,,,,,,,,,,,,,,,,,,,,,,,,,,,,,,,,,,,,,,,,,,,,,,,,,,,,,,,,,,,,,,,,,,,,,,,,,,,,,,,,,,,,,,,,,,,,,,,,,,,,,,,,,,,,,,,,,,,,,,,,,,,,,,,,,,,,,,,,,,,,,,,,,,,,,,,,,,,,,,,,,,,,,,,,,,,,,,,,,,,,,,,,,,,,,,,,,,,,,,,,,,,,,,,,,,,,,,,,,,,,,,,,,,,,,,,,,,,,,,,,,,,,,,,,
IC2395_CXO-139.0,130.47209366151364,-47.986514145037525,5329126533914974208,,,,,,,,,,,,,,,,,,,,,,,,,,,,,,,,,,,,,,,,,,,,,,,,,,,,,,,,,,,,,,,,,,,,,,,,,,,,,,,,,,,,,,,,,,,,,,,,,,,,,,,,,,,,,,,,,,,,,,,,,,,,,,,,,,,,,,,,,,,,,,,,,,,,,,,,,,,,,,,,,,,,,,,,,,,,,,,,,,,,,,,,,,,,,,,,,,,,,,,,,,,,,,,,,,,,,,,,,,,,,,,,,,,,,,,,,,,,,,,,,,,,,,,,,,,,,,,,,,,,,,,,,,,,,,,,,,,,,,,,,,
IC2395_CXO-8.0,130.6360816292092,-48.14449215327206,5329109869442222080,,,,,,,,,,,,,,,,,,,,,,,,,,,,,,,,,,,,,,,,,,,,,,,,,,,,,,,,,,,,,,,,,,,,,,,,,,,,,,,,,,,,,,,,,,,,,,,,,,,,,,,,,,,,,,,,,,,,,,,,,,,,,,,,,,,,,,,,,,,,,,,,,,,,,,,,,,,,,,,,,,,,,,,,,,,,,,,,,,,,,,,,,,,,,,,,,,,,,,,,,,,,,,,,,,,,,,,,,,,,,,,,,,,,,,,,,,,,,,,,,,,,,,,,,,,,,,,,,,,,,,,,,,,,,,,,,,,,,,,,,,
IC2395_CXO-52.0,130.6082464019822,-48.03204271602495,5329122685624489984,,,,,,,,,,,,,,,,,,,,,,,,,,,,,,,,,,,,,,,,,,,,,,,,,,,,,,,,,,,,,,,,,,,,,,,,,,,,,,,,,,,,,,,,,,,,,,,,,,,,,,,,,,,,,,,,,,,,,,,,,,,,,,,,,,,,,,,,,,,,,,,,,,,,,,,,,,,,,,,,,,,,,,,,,,,,,,,,,,,,,,,,,,,,,,,,,,,,,,,,,,,,,,,,,,,,,,,,,,,,,,,,,,,,,,,,,,,,,,,,,,,,,,,,,,,,,,,,,,,,,,,,,,,,,,,,,,,,,,,,,,
IC2395_CXO-133.0,130.8251883170804,-48.12719468429328,5329107876568904704,,,,,,,,,,,,,,,,,,,,,,,,,,,,,,,,,,,,,,,,,,,,,,,,,,,,,,,,,,,,,,,,,,,,,,,,,,,,,,,,,,,,,,,,,,,,,,,,,,,,,,,,,,,,,,,,,,,,,,,,,,,,,,,,,,,,,,,,,,,,,,,,,,,,,,,,,,,,,,,,,,,,,,,,,,,,,,,,,,,,,,,,,,,,,,,,,,,,,,,,,,,,,,,,,,,,,,,,,,,,,,,,,,,,,,,,,,,,,,,,,,,,,,,,,,,,,,,,,,,,,,,,,,,,,,,,,,,,,,,,,,
IC2395_CXO-24.0,130.6753156113443,-48.08804357506417,5329110522277256192,,,,,,,,,,,,,,,,,,,,,,,,,,,,,,,,,,,,,,,,,,,,,,,,,,,,,,,,,,,,,,,,,,,,,,,,,,,,,,,,,,,,,,,,,,,,,,,,,,,,,,,,,,,,,,,,,,,,,,,,,,,,,,,,,,,,,,,,,,,,,,,,,,,,,,,,,,,,,,,,,,,,,,,,,,,,,,,,,,,,,,,,,,,,,,,,,,,,,,,,,,,,,,,,,,,,,,,,,,,,,,,,,,,,,,,,,,,,,,,,,,,,,,,,,,,,,,,,,,,,,,,,,,,,,,,,,,,,,,,,,,
IC2395_CXO-19.0,130.6579987362922,-48.10684120546122,5329110487917509632,,,,,,,,,,,,,,,,,,,,,,,,,,,,,,,,,,,,,,,,,,,,,,,,,,,,,,,,,,,,,,,,,,,,,,,,,,,,,,,,,,,,,,,,,,,,,,,,,,,,,,,,,,,,,,,,,,,,,,,,,,,,,,,,,,,,,,,,,,,,,,,,,,,,,,,,,,,,,,,,,,,,,,,,,,,,,,,,,,,,,,,,,,,,,,,,,,,,,,,,,,,,,,,,,,,,,,,,,,,,,,,,,,,,,,,,,,,,,,,,,,,,,,,,,,,,,,,,,,,,,,,,,,,,,,,,,,,,,,,,,,
IC2395_CXO-6.0,130.54452118488726,-48.15358710402552,5329115848036574208,,,,,,,,,,,,,,,,,,,,,,,,,,,,,,,,,,,,,,,,,,,,,,,,,,,,,,,,,,,,,,,,,,,,,,,,,,,,,,,,,,,,,,,,,,,,,,,,,,,,,,,,,,,,,,,,,,,,,,,,,,,,,,,,,,,,,,,,,,,,,,,,,,,,,,,,,,,,,,,,,,,,,,,,,,,,,,,,,,,,,,,,,,,,,,,,,,,,,,,,,,,,,,,,,,,,,,,,,,,,,,,,,,,,,,,,,,,,,,,,,,,,,,,,,,,,,,,,,,,,,,,,,,,,,,,,,,,,,,,,,,
IC2395_CXO-14.0,130.72137438853153,-48.12766761659804,5329109525847582720,,,,,,,,,,,,,,,,,,,,,,,,,,,,,,,,,,,,,,,,,,,,,,,,,,,,,,,,,,,,,,,,,,,,,,,,,,,,,,,,,,,,,,,,,,,,,,,,,,,,,,,,,,,,,,,,,,,,,,,,,,,,,,,,,,,,,,,,,,,,,,,,,,,,,,,,,,,,,,,,,,,,,,,,,,,,,,,,,,,,,,,,,,,,,,,,,,,,,,,,,,,,,,,,,,,,,,,,,,,,,,,,,,,,,,,,,,,,,,,,,,,,,,,,,,,,,,,,,,,,,,,,,,,,,,,,,,,,,,,,,,
IC2395_CXO-23.0,130.69488742756076,-48.09064284962816,5329110419188865024,1636148068921376768,5329110419188865024,1.5614897e-10,1.2875263e-07,0.9999999,5.5241617e-10,1.0000282e-10,1.5294496e-05,3.856133e-05,0.9999434,2.7483763e-06,0.0,8.5985647e-19,6.449985e-07,0.99999934,,,,,,,,,,,,,,,,,,,,,,,,,,,,,,,,,,,,,,,,,,,,,,,,,,,,,,,,,,,,,,,,,,,,,,,,,,,,,,,,,,,,,,,,,,,,,,,,,,,,,,,,,,,,,,,,,,,,,,,,,,,,,,,,,-0.18572834,0.28052786,0,0.128987,,,,,,,,,,,,,,,,,,,,,,93,M,,,,,,,,,,,,,,,,,,,,,,,,,0.42131588,0.46840116,0.37860587,0.7964072,1.2712727,0.25410926,705.8344,913.1641,548.26666,4704.544,4867.4834,4504.5537,3705.1685,4300.5005,3062.8613,4.3152013,4.3716397,4.2024674,4.470766,4.581712,4.357641,0.59100175,0.9527167,0.20659947,-258.20764,0.27486873,0.26716378,0,,,,,5329110419188865024,698.80206,686.41095,711.8508,710.4535,695.66754,720.9416,10033,,,,,,,,,,,,,,,,,,,,,,,,,,,,,,,,,,,,,,,,,,,,,,,,
IC2395_CXO-122.0,130.78264909183957,-48.03481055597508,5329112412053957632,,,,,,,,,,,,,,,,,,,,,,,,,,,,,,,,,,,,,,,,,,,,,,,,,,,,,,,,,,,,,,,,,,,,,,,,,,,,,,,,,,,,,,,,,,,,,,,,,,,,,,,,,,,,,,,,,,,,,,,,,,,,,,,,,,,,,,,,,,,,,,,,,,,,,,,,,,,,,,,,,,,,,,,,,,,,,,,,,,,,,,,,,,,,,,,,,,,,,,,,,,,,,,,,,,,,,,,,,,,,,,,,,,,,,,,,,,,,,,,,,,,,,,,,,,,,,,,,,,,,,,,,,,,,,,,,,,,,,,,,,,
IC2395_CXO-29.0,130.69423889335852,-48.176442977704,5329108804290418688,,,,,,,,,,,,,,,,,,,,,,,,,,,,,,,,,,,,,,,,,,,,,,,,,,,,,,,,,,,,,,,,,,,,,,,,,,,,,,,,,,,,,,,,,,,,,,,,,,,,,,,,,,,,,,,,,,,,,,,,,,,,,,,,,,,,,,,,,,,,,,,,,,,,,,,,,,,,,,,,,,,,,,,,,,,,,,,,,,,,,,,,,,,,,,,,,,,,,,,,,,,,,,,,,,,,,,,,,,,,,,,,,,,,,,,,,,,,,,,,,,,,,,,,,,,,,,,,,,,,,,,,,,,,,,,,,,,,,,,,,,
IC2395_CXO-40.0,130.72723013980365,-48.1083528224763,5329109628926792704,,,,,,,,,,,,,,,,,,,,,,,,,,,,,,,,,,,,,,,,,,,,,,,,,,,,,,,,,,,,,,,,,,,,,,,,,,,,,,,,,,,,,,,,,,,,,,,,,,,,,,,,,,,,,,,,,,,,,,,,,,,,,,,,,,,,,,,,,,,,,,,,,,,,,,,,,,,,,,,,,,,,,,,,,,,,,,,,,,,,,,,,,,,,,,,,,,,,,,,,,,,,,,,,,,,,,,,,,,,,,,,,,,,,,,,,,,,,,,,,,,,,,,,,,,,,,,,,,,,,,,,,,,,,,,,,,,,,,,,,,,
IC2395_CXO-116.0,130.8074544011045,-48.12243839925391,5329107842217823232,,,,,,,,,,,,,,,,,,,,,,,,,,,,,,,,,,,,,,,,,,,,,,,,,,,,,,,,,,,,,,,,,,,,,,,,,,,,,,,,,,,,,,,,,,,,,,,,,,,,,,,,,,,,,,,,,,,,,,,,,,,,,,,,,,,,,,,,,,,,,,,,,,,,,,,,,,,,,,,,,,,,,,,,,,,,,,,,,,,,,,,,,,,,,,,,,,,,,,,,,,,,,,,,,,,,,,,,,,,,,,,,,,,,,,,,,,,,,,,,,,,,,,,,,,,,,,,,,,,,,,,,,,,,,,,,,,,,,,,,,,
IC2395_CXO-72.0,130.7383754700817,-48.0599411093316,5329111965386317824,,,,,,,,,,,,,,,,,,,,,,,,,,,,,,,,,,,,,,,,,,,,,,,,,,,,,,,,,,,,,,,,,,,,,,,,,,,,,,,,,,,,,,,,,,,,,,,,,,,,,,,,,,,,,,,,,,,,,,,,,,,,,,,,,,,,,,,,,,,,,,,,,,,,,,,,,,,,,,,,,,,,,,,,,,,,,,,,,,,,,,,,,,,,,,,,,,,,,,,,,,,,,,,,,,,,,,,,,,,,,,,,,,,,,,,,,,,,,,,,,,,,,,,,,,,,,,,,,,,,,,,,,,,,,,,,,,,,,,,,,,
IC2395_CXO-78.0,130.69384301447698,-48.21748003455136,5329108598132013056,,,,,,,,,,,,,,,,,,,,,,,,,,,,,,,,,,,,,,,,,,,,,,,,,,,,,,,,,,,,,,,,,,,,,,,,,,,,,,,,,,,,,,,,,,,,,,,,,,,,,,,,,,,,,,,,,,,,,,,,,,,,,,,,,,,,,,,,,,,,,,,,,,,,,,,,,,,,,,,,,,,,,,,,,,,,,,,,,,,,,,,,,,,,,,,,,,,,,,,,,,,,,,,,,,,,,,,,,,,,,,,,,,,,,,,,,,,,,,,,,,,,,,,,,,,,,,,,,,,,,,,,,,,,,,,,,,,,,,,,,,
IC2395_CXO-34.0,130.54063406785107,-48.14942293637326,5329115916756040704,,,,,,,,,,,,,,,,,,,,,,,,,,,,,,,,,,,,,,,,,,,,,,,,,,,,,,,,,,,,,,,,,,,,,,,,,,,,,,,,,,,,,,,,,,,,,,,,,,,,,,,,,,,,,,,,,,,,,,,,,,,,,,,,,,,,,,,,,,,,,,,,,,,,,,,,,,,,,,,,,,,,,,,,,,,,,,,,,,,,,,,,,,,,,,,,,,,,,,,,,,,,,,,,,,,,,,,,,,,,,,,,,,,,,,,,,,,,,,,,,,,,,,,,,,,,,,,,,,,,,,,,,,,,,,,,,,,,,,,,,,
IC2395_CXO-141.0,130.58605197007458,-47.96367741583811,5329123888205164544,,,,,,,,,,,,,,,,,,,,,,,,,,,,,,,,,,,,,,,,,,,,,,,,,,,,,,,,,,,,,,,,,,,,,,,,,,,,,,,,,,,,,,,,,,,,,,,,,,,,,,,,,,,,,,,,,,,,,,,,,,,,,,,,,,,,,,,,,,,,,,,,,,,,,,,,,,,,,,,,,,,,,,,,,,,,,,,,,,,,,,,,,,,,,,,,,,,,,,,,,,,,,,,,,,,,,,,,,,,,,,,,,,,,,,,,,,,,,,,,,,,,,,,,,,,,,,,,,,,,,,,,,,,,,,,,,,,,,,,,,,
IC2395_CXO-54.0,130.6740179479854,-48.20494916737251,5329108666851463168,,,,,,,,,,,,,,,,,,,,,,,,,,,,,,,,,,,,,,,,,,,,,,,,,,,,,,,,,,,,,,,,,,,,,,,,,,,,,,,,,,,,,,,,,,,,,,,,,,,,,,,,,,,,,,,,,,,,,,,,,,,,,,,,,,,,,,,,,,,,,,,,,,,,,,,,,,,,,,,,,,,,,,,,,,,,,,,,,,,,,,,,,,,,,,,,,,,,,,,,,,,,,,,,,,,,,,,,,,,,,,,,,,,,,,,,,,,,,,,,,,,,,,,,,,,,,,,,,,,,,,,,,,,,,,,,,,,,,,,,,,
IC2395_CXO-89.0,130.46852729692324,-48.12924812083973,5329116432152004608,,,,,,,,,,,,,,,,,,,,,,,,,,,,,,,,,,,,,,,,,,,,,,,,,,,,,,,,,,,,,,,,,,,,,,,,,,,,,,,,,,,,,,,,,,,,,,,,,,,,,,,,,,,,,,,,,,,,,,,,,,,,,,,,,,,,,,,,,,,,,,,,,,,,,,,,,,,,,,,,,,,,,,,,,,,,,,,,,,,,,,,,,,,,,,,,,,,,,,,,,,,,,,,,,,,,,,,,,,,,,,,,,,,,,,,,,,,,,,,,,,,,,,,,,,,,,,,,,,,,,,,,,,,,,,,,,,,,,,,,,,
IC2395_CXO-83.0,130.7551952387577,-48.1696247378284,5329106192950532096,,,,,,,,,,,,,,,,,,,,,,,,,,,,,,,,,,,,,,,,,,,,,,,,,,,,,,,,,,,,,,,,,,,,,,,,,,,,,,,,,,,,,,,,,,,,,,,,,,,,,,,,,,,,,,,,,,,,,,,,,,,,,,,,,,,,,,,,,,,,,,,,,,,,,,,,,,,,,,,,,,,,,,,,,,,,,,,,,,,,,,,,,,,,,,,,,,,,,,,,,,,,,,,,,,,,,,,,,,,,,,,,,,,,,,,,,,,,,,,,,,,,,,,,,,,,,,,,,,,,,,,,,,,,,,,,,,,,,,,,,,
IC2395_CXO-20.0,130.65273074108347,-48.10225667545828,5329110487917499392,,,,,,,,,,,,,,,,,,,,,,,,,,,,,,,,,,,,,,,,,,,,,,,,,,,,,,,,,,,,,,,,,,,,,,,,,,,,,,,,,,,,,,,,,,,,,,,,,,,,,,,,,,,,,,,,,,,,,,,,,,,,,,,,,,,,,,,,,,,,,,,,,,,,,,,,,,,,,,,,,,,,,,,,,,,,,,,,,,,,,,,,,,,,,,,,,,,,,,,,,,,,,,,,,,,,,,,,,,,,,,,,,,,,,,,,,,,,,,,,,,,,,,,,,,,,,,,,,,,,,,,,,,,,,,,,,,,,,,,,,,
IC2395_CXO-47.0,130.51576965587424,-48.06849378939738,5329122926142566400,1636148068921376768,5329122926142566400,1.2572702e-13,3.4374897e-10,0.9976672,2.46507e-12,0.0023327759,0.0,0.0,0.81048465,0.0,0.18951534,1.1291514e-11,5.4698894e-06,0.9999945,6313.634,6234.166,6621.8794,4.3853,4.3322,4.4137,-1.4626,-1.4906,-1.3936,690.5817,666.1765,803.5667,3.3155,3.2756,3.4679,2.5556,2.5204,2.6899,3.3635,3.32,3.5279,1.9345,1.9105,2.0264,1.4289,1.4097,1.5019,4.5345,4.0624,4.6291,0.9223,0.892,1.0334,-2634.362,0.40689656,A,,,,,,,,,,,,,,,,,,,,,,,,,,,,,,,,,,,,,,,,,,,,,,,,,,,,,,,,,,,,,,,,,,,,,,,,,,,,,,,,,,,,,,,,,,,,,-0.528364,0.09529073,0,0.185022,,,,,,,,,,,,,,,,,,,,,,95,M,,,,,,,0.95638007,0.9365696,0.9765023,1.2558165,1.2147319,1.3184249,,,,,,,20,,0.5244659,0.51206285,0.5388584,-0.005559295,0.29177105,0.37227964,0.2134744,0.050765887,0.41220933,0.0,533.28613,573.37036,497.01843,3864.8643,4115.9653,3611.7563,3092.967,4008.5066,3000.0,4.6722703,4.863034,4.4676356,4.6952477,4.9398937,4.5412292,0.034392186,0.2800479,0.0,182.76251,0.25477326,0.14679025,0,202105281205440352,1.8998926e-05,0,0052,5329122926142566400,712.29596,692.60944,727.4904,710.7418,694.7528,730.6568,10033,AAA,102198601,08420380-4804069,130.515854,-48.068588,0.07,0.06,0,13.975,0.032,13.265,0.032,13.002,0.029,,2451138.849,108493695,J084203.79-480406.8,130.5158153,-48.0685732,0.0572,0.0566,0.0036,12.927,0.028,12.878,0.034,12.505,,9.171,,hhHH,0,nnnn,AAUU,55431.91865249,55432.16057701,55341.8431816,55341.8431816,,,,,,,,,157283022
IC2395_CXO-25.0,130.5534913909661,-48.08707256911071,5329122101508909056,,,,,,,,,,,,,,,,,,,,,,,,,,,,,,,,,,,,,,,,,,,,,,,,,,,,,,,,,,,,,,,,,,,,,,,,,,,,,,,,,,,,,,,,,,,,,,,,,,,,,,,,,,,,,,,,,,,,,,,,,,,,,,,,,,,,,,,,,,,,,,,,,,,,,,,,,,,,,,,,,,,,,,,,,,,,,,,,,,,,,,,,,,,,,,,,,,,,,,,,,,,,,,,,,,,,,,,,,,,,,,,,,,,,,,,,,,,,,,,,,,,,,,,,,,,,,,,,,,,,,,,,,,,,,,,,,,,,,,,,,,
IC2395_CXO-97.0,130.62203311322472,-48.09454725322142,5329121929710324736,,,,,,,,,,,,,,,,,,,,,,,,,,,,,,,,,,,,,,,,,,,,,,,,,,,,,,,,,,,,,,,,,,,,,,,,,,,,,,,,,,,,,,,,,,,,,,,,,,,,,,,,,,,,,,,,,,,,,,,,,,,,,,,,,,,,,,,,,,,,,,,,,,,,,,,,,,,,,,,,,,,,,,,,,,,,,,,,,,,,,,,,,,,,,,,,,,,,,,,,,,,,,,,,,,,,,,,,,,,,,,,,,,,,,,,,,,,,,,,,,,,,,,,,,,,,,,,,,,,,,,,,,,,,,,,,,,,,,,,,,,
IC2395_CXO-105.0,130.52440104618242,-48.00601696824588,5329126293399774208,1636148068921376768,5329126293399774208,1.160294e-13,5.7962196e-13,0.99861324,2.2775145e-12,0.0013867696,0.0,0.0,0.87806064,0.0,0.121939324,0.0,1.0518211e-12,1.0,,,,,,,,,,,,,,,,,,,,,,,,,,,,,,,,,,,,,,,,,,,,,,,,,,,,,,,,,,,,,,,,,,,,,,,,,,,,,,,,,,,,,,,,,,,,,,,,,,,,,,,,,,,,,,,,,,,,,,,,,,,,,,,,,0.4888164,0.4297446,1,-0.965731,,,,,,,,,,,,,,,,,,,,,,999,unknown,,,,,,,,,,,,,,,,,,,,,,,,,0.22665283,0.35181975,0.13799629,0.3998751,0.7141573,0.20304388,397.54834,444.6684,343.46143,3397.9517,3491.7725,3288.9746,3397.6255,3588.2896,3242.4668,4.685476,4.9102187,4.559362,4.855054,5.0618153,4.469846,0.25412467,0.46577212,0.1358403,42.74225,0.25281623,0.057449806,0,202105281205440160,1.9096238e-05,75,0012,5329126293399774208,5063.0156,2402.6243,9312.511,3808.1648,2369.8276,5291.124,10033,AAA,102467078,08420584-4800230,130.524341,-48.006401,0.07,0.06,0,13.69,0.026,13.052,0.032,12.802,0.037,,2451138.849,108796042,J084205.83-480023.0,130.5243242,-48.0063926,0.0432,0.0428,-0.0089,12.669,0.023,12.571,0.025,12.734,,9.291,,hhHH,0,nnnn,AAUU,55439.30430624,55441.61662477,55341.77986857,55341.77986857,,,,,,,,,157283560
IC2395_CXO-73.0,130.66147443564856,-48.05107424539086,5329122445106418688,1636148068921376768,5329122445106418688,2.6236326e-13,6.7442614e-12,0.99296397,3.3975433e-12,0.0070360494,0.0,0.0,0.5852708,0.0,0.41472915,5.157623e-09,6.80066e-08,0.99999994,3518.3577,3510.301,3524.304,4.0055,3.9784,4.0584,-0.3771,-0.3988,-0.3471,557.4495,527.8245,575.0058,1.2135,1.1882,1.2328,0.788,0.7715,0.8008,1.1652,1.1415,1.1834,0.665,0.6509,0.6757,0.5002,0.4905,0.5078,7.3558,7.2862,7.4937,1.1143,1.0545,1.1495,-1096.315,0.44485894,MARCS,,,,,,,,,,,,,,,,,,,,,,,,,,,,,,,,,,,,,,,,,,,,,,,,,,,,,,,,,,,,,,,,,,,,,,,,,,,,,,,,,,,,,,,,,,,,,-0.38168147,0.14684123,1,-0.839411,,,,,,,,,,,,,,,,,,,,,,94,M,,,,,,,1.3914798,1.3424131,1.4483063,0.2789101,0.26270998,0.29877204,,,,,,,20,369,0.25985116,0.25711483,0.2630164,-0.80035526,0.19553807,0.25186312,0.12044993,0.5003859,0.6309254,0.38422507,454.7839,484.0048,420.3549,3478.052,3587.344,3267.742,3172.184,3381.2979,3000.0,4.7131124,4.819099,4.637338,4.8003435,4.874053,4.7594547,0.31725234,0.39967096,0.22970414,144.97002,0.2611933,0.19636443,0,202105281205440128,1.1413146e-05,0,1051,5329122445106418688,724.2731,699.29254,753.7959,709.494,686.68823,728.8877,10033,AAA,102274375,08423878-4803038,130.661614,-48.051064,0.07,0.06,0,14.012,0.029,13.255,0.03,13.012,0.03,,2451138.849,108579020,J084238.77-480303.6,130.6615569,-48.0510188,0.1179,0.0834,-0.0428,12.913,0.056,12.79,0.05,12.467,,8.602,,00H0,0,nnnn,AAUU,55447.19996337,55447.19996337,55342.04795709,55342.04795709,,,,,,,,,157283174
IC2395_CXO-55.0,130.68505959996955,-48.1877528355614,5329108769930678272,,,,,,,,,,,,,,,,,,,,,,,,,,,,,,,,,,,,,,,,,,,,,,,,,,,,,,,,,,,,,,,,,,,,,,,,,,,,,,,,,,,,,,,,,,,,,,,,,,,,,,,,,,,,,,,,,,,,,,,,,,,,,,,,,,,,,,,,,,,,,,,,,,,,,,,,,,,,,,,,,,,,,,,,,,,,,,,,,,,,,,,,,,,,,,,,,,,,,,,,,,,,,,,,,,,,,,,,,,,,,,,,,,,,,,,,,,,,,,,,,,,,,,,,,,,,,,,,,,,,,,,,,,,,,,,,,,,,,,,,,,
IC2395_CXO-50.0,130.56155312472683,-48.06383439720833,5329122994862096384,,,,,,,,,,,,,,,,,,,,,,,,,,,,,,,,,,,,,,,,,,,,,,,,,,,,,,,,,,,,,,,,,,,,,,,,,,,,,,,,,,,,,,,,,,,,,,,,,,,,,,,,,,,,,,,,,,,,,,,,,,,,,,,,,,,,,,,,,,,,,,,,,,,,,,,,,,,,,,,,,,,,,,,,,,,,,,,,,,,,,,,,,,,,,,,,,,,,,,,,,,,,,,,,,,,,,,,,,,,,,,,,,,,,,,,,,,,,,,,,,,,,,,,,,,,,,,,,,,,,,,,,,,,,,,,,,,,,,,,,,,
IC2395_CXO-64.0,130.4696790838265,-48.14067234039644,5329116432152013824,1636148068921376768,5329116432152013824,1.799415e-13,2.2907213e-11,0.99296397,3.3975429e-12,0.0070360494,0.0,0.0,0.5852708,0.0,0.41472915,3.9583442e-10,2.5495322e-07,0.99999976,3672.2812,3641.5195,3691.534,4.2716,4.1942,4.3947,-0.2415,-0.2693,-0.2236,565.6273,473.2852,614.8009,0.8738,0.8324,0.9032,0.5862,0.5581,0.6068,0.835,0.7951,0.8634,0.4854,0.4623,0.5021,0.3496,0.3327,0.3614,7.3839,7.1898,7.8047,0.9671,0.8099,1.0507,-586.1559,0.39840126,PHOENIX,,,,,,,,,,,,,,,,,,,,,,,,,,,,,,,,,,,,,,,,,,,,,,,,,,,,,,,,,,,,,,,,,,,,,,,,,,,,,,,,,,,,,,,,,,,,,-0.20894755,0.13030516,1,-0.711966,,,,,,,,,,,,,,,,,,,,,,94,M,,,,,,,1.2732528,1.2141798,1.3232075,0.26604134,0.2437666,0.284001,,,,,,,20,366,0.35168403,0.33369613,0.36628214,-0.6434693,0.1917732,0.26491392,-0.0010463297,0.48914206,0.66060436,0.13141257,545.9932,591.9814,492.59845,3823.9766,3968.5762,3382.1333,3123.5547,3680.7275,3000.0,4.604107,4.86302,4.0479145,4.793749,4.903059,4.623184,0.32937688,0.44449073,0.07490617,219.11954,0.24813843,0.04351032,0,202105281205440256,7.5790854e-06,0,0051,5329116432152013824,762.11554,732.6602,790.76245,754.6163,731.5429,780.22455,10033,AAA,101887783,08415265-4808262,130.469386,-48.140621,0.07,0.06,0,14.118,0.024,13.406,0.027,13.298,0.036,,2451138.84,,,,,,,,,,,,,,,,,,,,,,,,,,,,,,,,
IC2395_CXO-131.0,130.4031206837847,-48.16009294415171,5329116535231159296,,,,,,,,,,,,,,,,,,,,,,,,,,,,,,,,,,,,,,,,,,,,,,,,,,,,,,,,,,,,,,,,,,,,,,,,,,,,,,,,,,,,,,,,,,,,,,,,,,,,,,,,,,,,,,,,,,,,,,,,,,,,,,,,,,,,,,,,,,,,,,,,,,,,,,,,,,,,,,,,,,,,,,,,,,,,,,,,,,,,,,,,,,,,,,,,,,,,,,,,,,,,,,,,,,,,,,,,,,,,,,,,,,,,,,,,,,,,,,,,,,,,,,,,,,,,,,,,,,,,,,,,,,,,,,,,,,,,,,,,,,
IC2395_CXO-91.0,130.48245900022613,-48.11478541058275,5329116913188346880,,,,,,,,,,,,,,,,,,,,,,,,,,,,,,,,,,,,,,,,,,,,,,,,,,,,,,,,,,,,,,,,,,,,,,,,,,,,,,,,,,,,,,,,,,,,,,,,,,,,,,,,,,,,,,,,,,,,,,,,,,,,,,,,,,,,,,,,,,,,,,,,,,,,,,,,,,,,,,,,,,,,,,,,,,,,,,,,,,,,,,,,,,,,,,,,,,,,,,,,,,,,,,,,,,,,,,,,,,,,,,,,,,,,,,,,,,,,,,,,,,,,,,,,,,,,,,,,,,,,,,,,,,,,,,,,,,,,,,,,,,
IC2395_CXO-58.0,130.7356949387184,-48.16774381902475,5329109143574017024,1636148068921376768,5329109143574017024,2.1604194e-12,7.272243e-12,0.99648726,2.6990153e-12,0.0035127662,0.0,0.0,0.73935795,0.0,0.26064208,1.4711792e-07,9.588268e-08,0.99999976,3551.117,3524.7644,3560.4302,4.3086,4.2892,4.3294,0.1325,0.1049,0.1501,613.5957,597.2736,630.9584,1.1787,1.1337,1.2239,0.7567,0.7272,0.7861,1.1385,1.0953,1.1812,0.6418,0.6169,0.6666,0.4965,0.4783,0.5145,7.7727,7.6965,7.8476,0.9556,0.9317,0.9817,-661.8726,0.4811285,MARCS,,,,,,,,,,,,,,,,,,,,,,,,,,,,,,,,,,,,,,,,,,,,,,,,,,,,,,,,,,,,,,,,,,,,,,,,,,,,,,,,,,,,,,,,,,,,,-0.4407614,0.26557148,1,-0.968915,,,,,,,,,,,,,,,,,,,,,,93,M,,,,,,,1.0893396,1.0306872,1.16122,0.1472405,0.13251945,0.16575783,,,,,,,20,281,0.27778128,0.2653071,0.28976384,-0.895136,0.17351738,0.44105133,-0.17189914,0.50408244,0.9842354,0.0,544.9729,644.64026,446.55615,3206.5557,3827.8667,3000.0,3090.753,3967.1128,3000.0,4.7028756,5.102098,4.4854236,4.808508,5.2,4.504429,0.30708694,0.60699695,0.0,145.13841,0.24455847,0.04584604,0,202105281205440096,1.6289563e-05,0,0050,5329109143574017024,711.4446,674.82104,752.8851,705.48724,658.08246,748.0947,10033,AAA,101770080,08425656-4810041,130.735679,-48.167828,0.06,0.06,45,14.423,0.046,13.714,0.053,13.522,0.083,,2451138.8497,,,,,,,,,,,,,,,,,,,,,,,,,,,,,,,,
IC2395_CXO-51.0,130.597022971891,-48.04993176896404,5329122651264751616,,,,,,,,,,,,,,,,,,,,,,,,,,,,,,,,,,,,,,,,,,,,,,,,,,,,,,,,,,,,,,,,,,,,,,,,,,,,,,,,,,,,,,,,,,,,,,,,,,,,,,,,,,,,,,,,,,,,,,,,,,,,,,,,,,,,,,,,,,,,,,,,,,,,,,,,,,,,,,,,,,,,,,,,,,,,,,,,,,,,,,,,,,,,,,,,,,,,,,,,,,,,,,,,,,,,,,,,,,,,,,,,,,,,,,,,,,,,,,,,,,,,,,,,,,,,,,,,,,,,,,,,,,,,,,,,,,,,,,,,,,
IC2395_CXO-108.0,130.7510634768544,-48.21839496871623,5329105505755618304,1636148068921376768,5329105505755618304,2.8982286e-10,5.243328e-13,0.99971217,8.047688e-08,0.00028774506,2.7599383e-05,0.0,0.97161525,0.0003905629,0.027966583,0.0,0.0,1.0,,,,,,,,,,,,,,,,,,,,,,,,,,,,,,,,,,,,,8041.0,7725.0,8722.0,4.6,4.45,5.09,,,,,,,,,,,,,,,,,,,,,,,,,,,,,,,,,,,,,,,,,,,,,,,,,,,,,,,,,,,,,,,,,,,,,,,,,,,,,,,,,,,,-1,00010931000009999999999999999999999999999,-3.3363767,0.3255425,0.014217639,0,0.331305,,,,,,,,,,0.29630122,0.013280443,0.28912607,0.012817939,0.15468606,0.006872495,12514.353,140.30714,4.12457,0.025755689,27.396154,6.449542,01,B,,,,,,,,,,,,,,,,,,,,,,,,,-0.5755507,-0.5339538,-0.6119572,0.00042367564,0.005516406,0.0,807.0016,834.6456,780.1284,7599.583,7633.841,7523.5234,7606.9,7678.1353,7551.7534,3.8000262,3.8024867,3.7982023,4.1695213,4.2186403,4.085908,0.00038475756,0.005010659,0.0,-357734.7,0.3021241,1.6864201,1,,,,,5329105505755618304,684.00323,676.7658,693.0257,682.7327,674.50055,691.1062,10023,AAA,101550981,08430023-4813065,130.750993,-48.218498,0.06,0.06,90,10.208,0.023,10.174,0.022,10.139,0.019,,2451138.8498,107768133,J084300.23-481306.5,130.750969,-48.2184754,0.0381,0.0382,-0.0113,10.129,0.023,10.156,0.021,10.59,0.25,9.161,,0h00,0,000n,AABU,55437.40121066,55437.40121066,55342.16761996,55342.16761996,,,,,,,,,157287647
IC2395_CXO-33.0,130.52237028703914,-48.15502863034655,5329115813676804096,1636148068921376768,5329115813676804096,1.0205394e-13,5.097747e-13,0.99999714,2.0031453e-12,2.8871916e-06,0.0,0.0,0.99971133,0.0,0.00028863482,2.3850813e-13,6.389e-13,1.0,,,,,,,,,,,,,,,,,,,,,,,,,,,,,,,,,,,,,,,,,,,,,,,,,,,,,,,,,,,,,,,,,,,,,,,,,,,,,,,,,,,,,,,,,,,,,,,,,,,,,,,,,,,,,,,,,,,,,,,,,,,,,,,,,-0.2802903,0.168931,1,0.066657,,,,,,,,,,,,,,,,,,,,,,93,K,,,,,,,,,,,,,,,,,,,,,,,,,0.219462,0.5,-0.012683928,0.8046359,2.706461,0.6505537,928.4513,1001.5641,414.51636,4052.1274,4298.0454,3000.0,3423.3984,4211.7725,3000.0,4.5972314,5.2,4.2803016,4.696713,4.866739,3.67384,0.55599767,1.4273698,0.41026372,-209.2322,0.18832935,0.030678708,0,,,,,5329115813676804096,4112.1973,3285.6802,6280.0854,4068.5046,3166.2852,5354.5713,10033,EEE,101860966,08420659-4808485,130.527484,-48.146816,0.11,0.11,22,14.786,0.191,13.948,0.248,13.767,0.177,,2451138.8489,108115354,J084206.59-480848.3,130.5274699,-48.146766,0.1139,0.2146,0.0521,13.408,0.103,13.509,0.108,12.169,,8.282,,hhHH,0,nnnn,AAUU,55434.63225347,55434.63225347,55341.93302236,55341.88254199,,,,,,,,,157282367
IC2395_CXO-41.0,130.71106602485588,-48.10303644584712,5329110350478614528,,,,,,,,,,,,,,,,,,,,,,,,,,,,,,,,,,,,,,,,,,,,,,,,,,,,,,,,,,,,,,,,,,,,,,,,,,,,,,,,,,,,,,,,,,,,,,,,,,,,,,,,,,,,,,,,,,,,,,,,,,,,,,,,,,,,,,,,,,,,,,,,,,,,,,,,,,,,,,,,,,,,,,,,,,,,,,,,,,,,,,,,,,,,,,,,,,,,,,,,,,,,,,,,,,,,,,,,,,,,,,,,,,,,,,,,,,,,,,,,,,,,,,,,,,,,,,,,,,,,,,,,,,,,,,,,,,,,,,,,,,
IC2395_CXO-82.0,130.79768576083043,-48.17047386454723,5329106257355994112,,,,,,,,,,,,,,,,,,,,,,,,,,,,,,,,,,,,,,,,,,,,,,,,,,,,,,,,,,,,,,,,,,,,,,,,,,,,,,,,,,,,,,,,,,,,,,,,,,,,,,,,,,,,,,,,,,,,,,,,,,,,,,,,,,,,,,,,,,,,,,,,,,,,,,,,,,,,,,,,,,,,,,,,,,,,,,,,,,,,,,,,,,,,,,,,,,,,,,,,,,,,,,,,,,,,,,,,,,,,,,,,,,,,,,,,,,,,,,,,,,,,,,,,,,,,,,,,,,,,,,,,,,,,,,,,,,,,,,,,,,
IC2395_CXO-109.0,130.68704870562297,-48.21189490127711,5329108598132004864,,,,,,,,,,,,,,,,,,,,,,,,,,,,,,,,,,,,,,,,,,,,,,,,,,,,,,,,,,,,,,,,,,,,,,,,,,,,,,,,,,,,,,,,,,,,,,,,,,,,,,,,,,,,,,,,,,,,,,,,,,,,,,,,,,,,,,,,,,,,,,,,,,,,,,,,,,,,,,,,,,,,,,,,,,,,,,,,,,,,,,,,,,,,,,,,,,,,,,,,,,,,,,,,,,,,,,,,,,,,,,,,,,,,,,,,,,,,,,,,,,,,,,,,,,,,,,,,,,,,,,,,,,,,,,,,,,,,,,,,,,
IC2395_CXO-136.0,130.543182983824,-48.01796181149032,5329123372819159040,,,,,,,,,,,,,,,,,,,,,,,,,,,,,,,,,,,,,,,,,,,,,,,,,,,,,,,,,,,,,,,,,,,,,,,,,,,,,,,,,,,,,,,,,,,,,,,,,,,,,,,,,,,,,,,,,,,,,,,,,,,,,,,,,,,,,,,,,,,,,,,,,,,,,,,,,,,,,,,,,,,,,,,,,,,,,,,,,,,,,,,,,,,,,,,,,,,,,,,,,,,,,,,,,,,,,,,,,,,,,,,,,,,,,,,,,,,,,,,,,,,,,,,,,,,,,,,,,,,,,,,,,,,,,,,,,,,,,,,,,,
IC2395_CXO-26.0,130.595208660456,-48.077923198503726,5329122170228438016,,,,,,,,,,,,,,,,,,,,,,,,,,,,,,,,,,,,,,,,,,,,,,,,,,,,,,,,,,,,,,,,,,,,,,,,,,,,,,,,,,,,,,,,,,,,,,,,,,,,,,,,,,,,,,,,,,,,,,,,,,,,,,,,,,,,,,,,,,,,,,,,,,,,,,,,,,,,,,,,,,,,,,,,,,,,,,,,,,,,,,,,,,,,,,,,,,,,,,,,,,,,,,,,,,,,,,,,,,,,,,,,,,,,,,,,,,,,,,,,,,,,,,,,,,,,,,,,,,,,,,,,,,,,,,,,,,,,,,,,,,
IC2395_CXO-27.0,130.6486405228701,-48.0619723985484,5329122342027193344,,,,,,,,,,,,,,,,,,,,,,,,,,,,,,,,,,,,,,,,,,,,,,,,,,,,,,,,,,,,,,,,,,,,,,,,,,,,,,,,,,,,,,,,,,,,,,,,,,,,,,,,,,,,,,,,,,,,,,,,,,,,,,,,,,,,,,,,,,,,,,,,,,,,,,,,,,,,,,,,,,,,,,,,,,,,,,,,,,,,,,,,,,,,,,,,,,,,,,,,,,,,,,,,,,,,,,,,,,,,,,,,,,,,,,,,,,,,,,,,,,,,,,,,,,,,,,,,,,,,,,,,,,,,,,,,,,,,,,,,,,
IC2395_CXO-12.0,130.6523779416921,-48.13373715531083,5329109903801969664,,,,,,,,,,,,,,,,,,,,,,,,,,,,,,,,,,,,,,,,,,,,,,,,,,,,,,,,,,,,,,,,,,,,,,,,,,,,,,,,,,,,,,,,,,,,,,,,,,,,,,,,,,,,,,,,,,,,,,,,,,,,,,,,,,,,,,,,,,,,,,,,,,,,,,,,,,,,,,,,,,,,,,,,,,,,,,,,,,,,,,,,,,,,,,,,,,,,,,,,,,,,,,,,,,,,,,,,,,,,,,,,,,,,,,,,,,,,,,,,,,,,,,,,,,,,,,,,,,,,,,,,,,,,,,,,,,,,,,,,,,
IC2395_CXO-63.0,130.5485946070645,-48.14351866936213,5329115916756045824,,,,,,,,,,,,,,,,,,,,,,,,,,,,,,,,,,,,,,,,,,,,,,,,,,,,,,,,,,,,,,,,,,,,,,,,,,,,,,,,,,,,,,,,,,,,,,,,,,,,,,,,,,,,,,,,,,,,,,,,,,,,,,,,,,,,,,,,,,,,,,,,,,,,,,,,,,,,,,,,,,,,,,,,,,,,,,,,,,,,,,,,,,,,,,,,,,,,,,,,,,,,,,,,,,,,,,,,,,,,,,,,,,,,,,,,,,,,,,,,,,,,,,,,,,,,,,,,,,,,,,,,,,,,,,,,,,,,,,,,,,
IC2395_CXO-44.0,130.689665247675,-48.08900758963964,5329110419198055424,,,,,,,,,,,,,,,,,,,,,,,,,,,,,,,,,,,,,,,,,,,,,,,,,,,,,,,,,,,,,,,,,,,,,,,,,,,,,,,,,,,,,,,,,,,,,,,,,,,,,,,,,,,,,,,,,,,,,,,,,,,,,,,,,,,,,,,,,,,,,,,,,,,,,,,,,,,,,,,,,,,,,,,,,,,,,,,,,,,,,,,,,,,,,,,,,,,,,,,,,,,,,,,,,,,,,,,,,,,,,,,,,,,,,,,,,,,,,,,,,,,,,,,,,,,,,,,,,,,,,,,,,,,,,,,,,,,,,,,,,,
IC2395_CXO-123.0,130.59843572134332,-48.01516370927756,5329123441538705408,,,,,,,,,,,,,,,,,,,,,,,,,,,,,,,,,,,,,,,,,,,,,,,,,,,,,,,,,,,,,,,,,,,,,,,,,,,,,,,,,,,,,,,,,,,,,,,,,,,,,,,,,,,,,,,,,,,,,,,,,,,,,,,,,,,,,,,,,,,,,,,,,,,,,,,,,,,,,,,,,,,,,,,,,,,,,,,,,,,,,,,,,,,,,,,,,,,,,,,,,,,,,,,,,,,,,,,,,,,,,,,,,,,,,,,,,,,,,,,,,,,,,,,,,,,,,,,,,,,,,,,,,,,,,,,,,,,,,,,,,,
IC2395_CXO-28.0,130.5979090079969,-48.187436149576925,5329103822128254976,,,,,,,,,,,,,,,,,,,,,,,,,,,,,,,,,,,,,,,,,,,,,,,,,,,,,,,,,,,,,,,,,,,,,,,,,,,,,,,,,,,,,,,,,,,,,,,,,,,,,,,,,,,,,,,,,,,,,,,,,,,,,,,,,,,,,,,,,,,,,,,,,,,,,,,,,,,,,,,,,,,,,,,,,,,,,,,,,,,,,,,,,,,,,,,,,,,,,,,,,,,,,,,,,,,,,,,,,,,,,,,,,,,,,,,,,,,,,,,,,,,,,,,,,,,,,,,,,,,,,,,,,,,,,,,,,,,,,,,,,,
IC2395_CXO-103.0,130.5368140073166,-48.01789408460714,5329123338459413504,,,,,,,,,,,,,,,,,,,,,,,,,,,,,,,,,,,,,,,,,,,,,,,,,,,,,,,,,,,,,,,,,,,,,,,,,,,,,,,,,,,,,,,,,,,,,,,,,,,,,,,,,,,,,,,,,,,,,,,,,,,,,,,,,,,,,,,,,,,,,,,,,,,,,,,,,,,,,,,,,,,,,,,,,,,,,,,,,,,,,,,,,,,,,,,,,,,,,,,,,,,,,,,,,,,,,,,,,,,,,,,,,,,,,,,,,,,,,,,,,,,,,,,,,,,,,,,,,,,,,,,,,,,,,,,,,,,,,,,,,,
IC2395_CXO-100.0,130.57573266057057,-48.05383916235621,5329123029221847040,,,,,,,,,,,,,,,,,,,,,,,,,,,,,,,,,,,,,,,,,,,,,,,,,,,,,,,,,,,,,,,,,,,,,,,,,,,,,,,,,,,,,,,,,,,,,,,,,,,,,,,,,,,,,,,,,,,,,,,,,,,,,,,,,,,,,,,,,,,,,,,,,,,,,,,,,,,,,,,,,,,,,,,,,,,,,,,,,,,,,,,,,,,,,,,,,,,,,,,,,,,,,,,,,,,,,,,,,,,,,,,,,,,,,,,,,,,,,,,,,,,,,,,,,,,,,,,,,,,,,,,,,,,,,,,,,,,,,,,,,,
IC2395_CXO-128.0,130.6344323820194,-48.18550471611692,5329108903057009664,1636148068921376768,5329108903057009664,3.601166e-13,5.0999027e-13,0.999994,2.0037702e-12,6.0387747e-06,0.0,0.0,0.9993965,0.0,0.00060352375,2.527673e-08,1.750963e-12,1.0,,,,,,,,,,,,,,,,,,,,,,,,,,,,,,,,,,,,,,,,,,,,,,,,,,,,,,,,,,,,,,,,,,,,,,,,,,,,,,,,,,,,,,,,,,,,,,,,,,,,,,,,,,,,,,,,,,,,,,,,,,,,,,,,,,,,,,,,,,,,,,,,,,,,,,,,,,,,,,,,,,,,,,,,,,,,,,,,,,,,,,,,,,,,,,,,,,,,,,,,,,,,,,,,,,,,5329108903057009664,727.77783,670.4135,801.9487,723.1788,667.67834,789.7641,10033,AAA,101692149,08423236-4811091,130.634872,-48.185883,0.07,0.06,7,14.841,0.041,14.191,0.034,13.873,0.053,,2451138.8489,107925977,J084232.35-481109.2,130.6348244,-48.1859135,0.0587,0.06,0.0073,13.811,0.028,13.661,0.033,11.757,,9.078,,hhh0,0,10nn,AAUU,55432.50283657,55432.50283657,55342.09043813,55342.03216898,,,,,,,,,157282082
IC2395_CXO-98.0,130.73840099702656,-48.074745691229865,5329111862298058752,,,,,,,,,,,,,,,,,,,,,,,,,,,,,,,,,,,,,,,,,,,,,,,,,,,,,,,,,,,,,,,,,,,,,,,,,,,,,,,,,,,,,,,,,,,,,,,,,,,,,,,,,,,,,,,,,,,,,,,,,,,,,,,,,,,,,,,,,,,,,,,,,,,,,,,,,,,,,,,,,,,,,,,,,,,,,,,,,,,,,,,,,,,,,,,,,,,,,,,,,,,,,,,,,,,,,,,,,,,,,,,,,,,,,,,,,,,,,,,,,,,,,,,,,,,,,,,,,,,,,,,,,,,,,,,,,,,,,,,,,,
IC2395_CXO-36.0,130.53394197580374,-48.14053302354807,5329115912443805696,,,,,,,,,,,,,,,,,,,,,,,,,,,,,,,,,,,,,,,,,,,,,,,,,,,,,,,,,,,,,,,,,,,,,,,,,,,,,,,,,,,,,,,,,,,,,,,,,,,,,,,,,,,,,,,,,,,,,,,,,,,,,,,,,,,,,,,,,,,,,,,,,,,,,,,,,,,,,,,,,,,,,,,,,,,,,,,,,,,,,,,,,,,,,,,,,,,,,,,,,,,,,,,,,,,,,,,,,,,,,,,,,,,,,,,,,,,,,,,,,,,,,,,,,,,,,,,,,,,,,,,,,,,,,,,,,,,,,,,,,,
IC2395_CXO-9.0,130.63384595755124,-48.14100576001342,5329109869442214912,,,,,,,,,,,,,,,,,,,,,,,,,,,,,,,,,,,,,,,,,,,,,,,,,,,,,,,,,,,,,,,,,,,,,,,,,,,,,,,,,,,,,,,,,,,,,,,,,,,,,,,,,,,,,,,,,,,,,,,,,,,,,,,,,,,,,,,,,,,,,,,,,,,,,,,,,,,,,,,,,,,,,,,,,,,,,,,,,,,,,,,,,,,,,,,,,,,,,,,,,,,,,,,,,,,,,,,,,,,,,,,,,,,,,,,,,,,,,,,,,,,,,,,,,,,,,,,,,,,,,,,,,,,,,,,,,,,,,,,,,,
IC2395_CXO-132.0,130.42337131870377,-48.13529194633456,5329116569580589056,,,,,,,,,,,,,,,,,,,,,,,,,,,,,,,,,,,,,,,,,,,,,,,,,,,,,,,,,,,,,,,,,,,,,,,,,,,,,,,,,,,,,,,,,,,,,,,,,,,,,,,,,,,,,,,,,,,,,,,,,,,,,,,,,,,,,,,,,,,,,,,,,,,,,,,,,,,,,,,,,,,,,,,,,,,,,,,,,,,,,,,,,,,,,,,,,,,,,,,,,,,,,,,,,,,,,,,,,,,,,,,,,,,,,,,,,,,,,,,,,,,,,,,,,,,,,,,,,,,,,,,,,,,,,,,,,,,,,,,,,,
IC2395_CXO-104.0,130.63528276119044,-48.01290043415588,5329122788703728640,,,,,,,,,,,,,,,,,,,,,,,,,,,,,,,,,,,,,,,,,,,,,,,,,,,,,,,,,,,,,,,,,,,,,,,,,,,,,,,,,,,,,,,,,,,,,,,,,,,,,,,,,,,,,,,,,,,,,,,,,,,,,,,,,,,,,,,,,,,,,,,,,,,,,,,,,,,,,,,,,,,,,,,,,,,,,,,,,,,,,,,,,,,,,,,,,,,,,,,,,,,,,,,,,,,,,,,,,,,,,,,,,,,,,,,,,,,,,,,,,,,,,,,,,,,,,,,,,,,,,,,,,,,,,,,,,,,,,,,,,,
IC2395_CXO-74.0,130.63455533186408,-48.05091990535441,5329122410746641408,,,,,,,,,,,,,,,,,,,,,,,,,,,,,,,,,,,,,,,,,,,,,,,,,,,,,,,,,,,,,,,,,,,,,,,,,,,,,,,,,,,,,,,,,,,,,,,,,,,,,,,,,,,,,,,,,,,,,,,,,,,,,,,,,,,,,,,,,,,,,,,,,,,,,,,,,,,,,,,,,,,,,,,,,,,,,,,,,,,,,,,,,,,,,,,,,,,,,,,,,,,,,,,,,,,,,,,,,,,,,,,,,,,,,,,,,,,,,,,,,,,,,,,,,,,,,,,,,,,,,,,,,,,,,,,,,,,,,,,,,,
IC2395_CXO-79.0,130.46897251844908,-48.19001514164469,5329115470079375360,,,,,,,,,,,,,,,,,,,,,,,,,,,,,,,,,,,,,,,,,,,,,,,,,,,,,,,,,,,,,,,,,,,,,,,,,,,,,,,,,,,,,,,,,,,,,,,,,,,,,,,,,,,,,,,,,,,,,,,,,,,,,,,,,,,,,,,,,,,,,,,,,,,,,,,,,,,,,,,,,,,,,,,,,,,,,,,,,,,,,,,,,,,,,,,,,,,,,,,,,,,,,,,,,,,,,,,,,,,,,,,,,,,,,,,,,,,,,,,,,,,,,,,,,,,,,,,,,,,,,,,,,,,,,,,,,,,,,,,,,,
IC2395_CXO-49.0,130.5743483049203,-48.06475445584354,5329122238947872768,,,,,,,,,,,,,,,,,,,,,,,,,,,,,,,,,,,,,,,,,,,,,,,,,,,,,,,,,,,,,,,,,,,,,,,,,,,,,,,,,,,,,,,,,,,,,,,,,,,,,,,,,,,,,,,,,,,,,,,,,,,,,,,,,,,,,,,,,,,,,,,,,,,,,,,,,,,,,,,,,,,,,,,,,,,,,,,,,,,,,,,,,,,,,,,,,,,,,,,,,,,,,,,,,,,,,,,,,,,,,,,,,,,,,,,,,,,,,,,,,,,,,,,,,,,,,,,,,,,,,,,,,,,,,,,,,,,,,,,,,,
IC2395_CXO-86.0,130.63459306504635,-48.1569375939678,5329109766363013120,,,,,,,,,,,,,,,,,,,,,,,,,,,,,,,,,,,,,,,,,,,,,,,,,,,,,,,,,,,,,,,,,,,,,,,,,,,,,,,,,,,,,,,,,,,,,,,,,,,,,,,,,,,,,,,,,,,,,,,,,,,,,,,,,,,,,,,,,,,,,,,,,,,,,,,,,,,,,,,,,,,,,,,,,,,,,,,,,,,,,,,,,,,,,,,,,,,,,,,,,,,,,,,,,,,,,,,,,,,,,,,,,,,,,,,,,,,,,,,,,,,,,,,,,,,,,,,,,,,,,,,,,,,,,,,,,,,,,,,,,,
IC2395_CXO-142.0,130.4825682488588,-48.05916220608434,5329117325505161216,,,,,,,,,,,,,,,,,,,,,,,,,,,,,,,,,,,,,,,,,,,,,,,,,,,,,,,,,,,,,,,,,,,,,,,,,,,,,,,,,,,,,,,,,,,,,,,,,,,,,,,,,,,,,,,,,,,,,,,,,,,,,,,,,,,,,,,,,,,,,,,,,,,,,,,,,,,,,,,,,,,,,,,,,,,,,,,,,,,,,,,,,,,,,,,,,,,,,,,,,,,,,,,,,,,,,,,,,,,,,,,,,,,,,,,,,,,,,,,,,,,,,,,,,,,,,,,,,,,,,,,,,,,,,,,,,,,,,,,,,,
IC2395_CXO-111.0,130.58678087000123,-48.20830281382721,5329103650329565184,,,,,,,,,,,,,,,,,,,,,,,,,,,,,,,,,,,,,,,,,,,,,,,,,,,,,,,,,,,,,,,,,,,,,,,,,,,,,,,,,,,,,,,,,,,,,,,,,,,,,,,,,,,,,,,,,,,,,,,,,,,,,,,,,,,,,,,,,,,,,,,,,,,,,,,,,,,,,,,,,,,,,,,,,,,,,,,,,,,,,,,,,,,,,,,,,,,,,,,,,,,,,,,,,,,,,,,,,,,,,,,,,,,,,,,,,,,,,,,,,,,,,,,,,,,,,,,,,,,,,,,,,,,,,,,,,,,,,,,,,,
IC2395_CXO-85.0,130.69189193526208,-48.15734401649336,5329109010448834560,,,,,,,,,,,,,,,,,,,,,,,,,,,,,,,,,,,,,,,,,,,,,,,,,,,,,,,,,,,,,,,,,,,,,,,,,,,,,,,,,,,,,,,,,,,,,,,,,,,,,,,,,,,,,,,,,,,,,,,,,,,,,,,,,,,,,,,,,,,,,,,,,,,,,,,,,,,,,,,,,,,,,,,,,,,,,,,,,,,,,,,,,,,,,,,,,,,,,,,,,,,,,,,,,,,,,,,,,,,,,,,,,,,,,,,,,,,,,,,,,,,,,,,,,,,,,,,,,,,,,,,,,,,,,,,,,,,,,,,,,,
IC2395_CXO-87.0,130.68869229010105,-48.15536563247329,5329109079168307200,,,,,,,,,,,,,,,,,,,,,,,,,,,,,,,,,,,,,,,,,,,,,,,,,,,,,,,,,,,,,,,,,,,,,,,,,,,,,,,,,,,,,,,,,,,,,,,,,,,,,,,,,,,,,,,,,,,,,,,,,,,,,,,,,,,,,,,,,,,,,,,,,,,,,,,,,,,,,,,,,,,,,,,,,,,,,,,,,,,,,,,,,,,,,,,,,,,,,,,,,,,,,,,,,,,,,,,,,,,,,,,,,,,,,,,,,,,,,,,,,,,,,,,,,,,,,,,,,,,,,,,,,,,,,,,,,,,,,,,,,,
IC2395_CXO-57.0,130.71545280850066,-48.18369358381199,5329108735570966528,,,,,,,,,,,,,,,,,,,,,,,,,,,,,,,,,,,,,,,,,,,,,,,,,,,,,,,,,,,,,,,,,,,,,,,,,,,,,,,,,,,,,,,,,,,,,,,,,,,,,,,,,,,,,,,,,,,,,,,,,,,,,,,,,,,,,,,,,,,,,,,,,,,,,,,,,,,,,,,,,,,,,,,,,,,,,,,,,,,,,,,,,,,,,,,,,,,,,,,,,,,,,,,,,,,,,,,,,,,,,,,,,,,,,,,,,,,,,,,,,,,,,,,,,,,,,,,,,,,,,,,,,,,,,,,,,,,,,,,,,,
IC2395_CXO-66.0,130.71851984389684,-48.12856286261558,5329109487179229184,,,,,,,,,,,,,,,,,,,,,,,,,,,,,,,,,,,,,,,,,,,,,,,,,,,,,,,,,,,,,,,,,,,,,,,,,,,,,,,,,,,,,,,,,,,,,,,,,,,,,,,,,,,,,,,,,,,,,,,,,,,,,,,,,,,,,,,,,,,,,,,,,,,,,,,,,,,,,,,,,,,,,,,,,,,,,,,,,,,,,,,,,,,,,,,,,,,,,,,,,,,,,,,,,,,,,,,,,,,,,,,,,,,,,,,,,,,,,,,,,,,,,,,,,,,,,,,,,,,,,,,,,,,,,,,,,,,,,,,,,,
IC2395_CXO-114.0,130.56978570503756,-48.15524538245912,5329104127053479936,1636148068921376768,5329104127053479936,7.344027e-13,6.1288507e-13,0.9995907,2.083725e-12,0.00040931956,0.0,0.0,0.96066105,0.0,0.03933894,5.918103e-08,1.558479e-09,0.99999994,,,,,,,,,,,,,,,,,,,,,,,,,,,,,,,,,,,,,,,,,,,,,,,,,,,,,,,,,,,,,,,,,,,,,,,,,,,,,,,,,,,,,,,,,,,,,,,,,,,,,,,,,,,,,,,,,,,,,,,,,,,,,,,,,,,,,,,,,,,,,,,,,,,,,,,,,,,,,,,,,,,,,,,,,,,,,,,,,,,,0.0010364802,0.033859983,-0.019732265,0.60641706,0.750345,0.5347228,516.2755,553.7267,432.0006,3090.7764,3797.058,3000.0,3090.83,3733.1519,3000.0,4.774687,5.002715,4.4720287,4.8025565,5.013409,4.6523004,0.3640211,0.4453883,0.31856897,151.59204,0.29565632,0.024035593,0,,,,,5329104127053479936,711.6407,671.4699,754.84625,703.68665,674.90906,733.21515,10033,AAA,101824445,08421672-4809188,130.569669,-48.155247,0.07,0.06,0,14.536,0.03,13.856,0.026,13.601,0.041,,2451138.8489,108074683,J084216.70-480918.6,130.5696153,-48.1551818,0.0522,0.0529,-0.0071,13.568,0.026,13.535,0.033,12.617,,9.041,,hhHH,0,11nn,AAUU,55441.90431354,55441.90431354,55341.95043411,55341.95043411,,,,,,,,,157282311
IC2395_CXO-30.0,130.7099422055047,-48.171839719780806,5329109177934973952,,,,,,,,,,,,,,,,,,,,,,,,,,,,,,,,,,,,,,,,,,,,,,,,,,,,,,,,,,,,,,,,,,,,,,,,,,,,,,,,,,,,,,,,,,,,,,,,,,,,,,,,,,,,,,,,,,,,,,,,,,,,,,,,,,,,,,,,,,,,,,,,,,,,,,,,,,,,,,,,,,,,,,,,,,,,,,,,,,,,,,,,,,,,,,,,,,,,,,,,,,,,,,,,,,,,,,,,,,,,,,,,,,,,,,,,,,,,,,,,,,,,,,,,,,,,,,,,,,,,,,,,,,,,,,,,,,,,,,,,,,
IC2395_CXO-124.0,130.4986536208303,-47.972651655956206,5329126598323059712,,,,,,,,,,,,,,,,,,,,,,,,,,,,,,,,,,,,,,,,,,,,,,,,,,,,,,,,,,,,,,,,,,,,,,,,,,,,,,,,,,,,,,,,,,,,,,,,,,,,,,,,,,,,,,,,,,,,,,,,,,,,,,,,,,,,,,,,,,,,,,,,,,,,,,,,,,,,,,,,,,,,,,,,,,,,,,,,,,,,,,,,,,,,,,,,,,,,,,,,,,,,,,,,,,,,,,,,,,,,,,,,,,,,,,,,,,,,,,,,,,,,,,,,,,,,,,,,,,,,,,,,,,,,,,,,,,,,,,,,,,
IC2395_CXO-110.0,130.6578184718083,-48.21116211031022,5329108632491712512,,,,,,,,,,,,,,,,,,,,,,,,,,,,,,,,,,,,,,,,,,,,,,,,,,,,,,,,,,,,,,,,,,,,,,,,,,,,,,,,,,,,,,,,,,,,,,,,,,,,,,,,,,,,,,,,,,,,,,,,,,,,,,,,,,,,,,,,,,,,,,,,,,,,,,,,,,,,,,,,,,,,,,,,,,,,,,,,,,,,,,,,,,,,,,,,,,,,,,,,,,,,,,,,,,,,,,,,,,,,,,,,,,,,,,,,,,,,,,,,,,,,,,,,,,,,,,,,,,,,,,,,,,,,,,,,,,,,,,,,,,
IC2395_CXO-71.0,130.65413627427466,-48.08045369395278,5329110586690897920,1636148068921376768,5329110586690897920,1.0204575e-13,1.1419819e-10,0.99999774,2.0030327e-12,2.2973572e-06,0.0,2.2300756e-06,0.9997682,0.0,0.0002296795,1.1520032e-17,1.6241933e-12,1.0,7445.4185,7258.3027,7628.5376,4.242,4.1916,4.2971,-1.3935,-1.4606,-1.2883,1877.3768,1755.9766,2032.4523,2.0445,1.9501,2.135,1.7175,1.6326,1.7988,2.1611,2.0593,2.2586,1.2201,1.163,1.2749,0.941,0.8962,0.9843,3.1567,2.917,3.3672,1.2527,1.1791,1.3434,-988.1263,0.38282132,A,,,,,,,,,,,,,,,,,,,,,,,,,,,,,,,,,,,,,,,,,,,,,,,,,,,,,,,,,,,,,,,,,,,,,,,,,,,,,,,,,,,,,,,,,,,,,0.3481221,0.089700915,0,0.369441,,,,,,,,,,,,,,,,,,,,,,92,F,,,,,,,1.3081113,1.2188795,1.3747271,5.258711,4.1730494,6.264442,,,,,,,21,,0.49860203,0.4811919,0.52820677,-0.012074295,-0.19852677,-0.1206229,-0.25159606,0.36726794,0.6403254,0.18771431,1120.3878,1184.421,1036.3668,4833.408,4872.9053,4768.257,3969.9927,4045.0781,3863.711,4.4031076,4.4756155,4.3592434,4.5011883,4.565571,4.463599,0.28089294,0.4889817,0.14515051,-345.61295,0.31945106,0.180132,0,,,,,5329110586690897920,4850.021,4147.649,5740.1084,4251.1826,3748.0906,4878.6987,10033,AAA,102136173,08423725-4804588,130.655223,-48.083015,0.07,0.06,7,14.599,0.088,14.095,0.102,13.971,0.088,,2451138.849,,,,,,,,,,,,,,,,,,,,,,,,,,,,,,,,
IC2395_CXO-107.0,130.6381544019645,-48.22051209113088,5329102963134866432,,,,,,,,,,,,,,,,,,,,,,,,,,,,,,,,,,,,,,,,,,,,,,,,,,,,,,,,,,,,,,,,,,,,,,,,,,,,,,,,,,,,,,,,,,,,,,,,,,,,,,,,,,,,,,,,,,,,,,,,,,,,,,,,,,,,,,,,,,,,,,,,,,,,,,,,,,,,,,,,,,,,,,,,,,,,,,,,,,,,,,,,,,,,,,,,,,,,,,,,,,,,,,,,,,,,,,,,,,,,,,,,,,,,,,,,,,,,,,,,,,,,,,,,,,,,,,,,,,,,,,,,,,,,,,,,,,,,,,,,,,
IC2395_CXO-60.0,130.56249838215464,-48.15084013770765,5329115848026957824,,,,,,,,,,,,,,,,,,,,,,,,,,,,,,,,,,,,,,,,,,,,,,,,,,,,,,,,,,,,,,,,,,,,,,,,,,,,,,,,,,,,,,,,,,,,,,,,,,,,,,,,,,,,,,,,,,,,,,,,,,,,,,,,,,,,,,,,,,,,,,,,,,,,,,,,,,,,,,,,,,,,,,,,,,,,,,,,,,,,,,,,,,,,,,,,,,,,,,,,,,,,,,,,,,,,,,,,,,,,,,,,,,,,,,,,,,,,,,,,,,,,,,,,,,,,,,,,,,,,,,,,,,,,,,,,,,,,,,,,,,
IC2395_CXO-59.0,130.60835434734386,-48.15610488327033,5329109938164393984,,,,,,,,,,,,,,,,,,,,,,,,,,,,,,,,,,,,,,,,,,,,,,,,,,,,,,,,,,,,,,,,,,,,,,,,,,,,,,,,,,,,,,,,,,,,,,,,,,,,,,,,,,,,,,,,,,,,,,,,,,,,,,,,,,,,,,,,,,,,,,,,,,,,,,,,,,,,,,,,,,,,,,,,,,,,,,,,,,,,,,,,,,,,,,,,,,,,,,,,,,,,,,,,,,,,,,,,,,,,,,,,,,,,,,,,,,,,,,,,,,,,,,,,,,,,,,,,,,,,,,,,,,,,,,,,,,,,,,,,,,
IC2395_CXO-93.0,130.58484592075467,-48.102676954526686,5329121856685036544,,,,,,,,,,,,,,,,,,,,,,,,,,,,,,,,,,,,,,,,,,,,,,,,,,,,,,,,,,,,,,,,,,,,,,,,,,,,,,,,,,,,,,,,,,,,,,,,,,,,,,,,,,,,,,,,,,,,,,,,,,,,,,,,,,,,,,,,,,,,,,,,,,,,,,,,,,,,,,,,,,,,,,,,,,,,,,,,,,,,,,,,,,,,,,,,,,,,,,,,,,,,,,,,,,,,,,,,,,,,,,,,,,,,,,,,,,,,,,,,,,,,,,,,,,,,,,,,,,,,,,,,,,,,,,,,,,,,,,,,,,
IC2395_CXO-10.0,130.61568133588983,-48.13707205600194,5329109968215562240,,,,,,,,,,,,,,,,,,,,,,,,,,,,,,,,,,,,,,,,,,,,,,,,,,,,,,,,,,,,,,,,,,,,,,,,,,,,,,,,,,,,,,,,,,,,,,,,,,,,,,,,,,,,,,,,,,,,,,,,,,,,,,,,,,,,,,,,,,,,,,,,,,,,,,,,,,,,,,,,,,,,,,,,,,,,,,,,,,,,,,,,,,,,,,,,,,,,,,,,,,,,,,,,,,,,,,,,,,,,,,,,,,,,,,,,,,,,,,,,,,,,,,,,,,,,,,,,,,,,,,,,,,,,,,,,,,,,,,,,,,
IC2395_CXO-117.0,130.7401145552963,-48.121224960236425,5329109560204675072,,,,,,,,,,,,,,,,,,,,,,,,,,,,,,,,,,,,,,,,,,,,,,,,,,,,,,,,,,,,,,,,,,,,,,,,,,,,,,,,,,,,,,,,,,,,,,,,,,,,,,,,,,,,,,,,,,,,,,,,,,,,,,,,,,,,,,,,,,,,,,,,,,,,,,,,,,,,,,,,,,,,,,,,,,,,,,,,,,,,,,,,,,,,,,,,,,,,,,,,,,,,,,,,,,,,,,,,,,,,,,,,,,,,,,,,,,,,,,,,,,,,,,,,,,,,,,,,,,,,,,,,,,,,,,,,,,,,,,,,,,
IC2395_CXO-56.0,130.62668616655893,-48.18583577374504,5329109663283808256,,,,,,,,,,,,,,,,,,,,,,,,,,,,,,,,,,,,,,,,,,,,,,,,,,,,,,,,,,,,,,,,,,,,,,,,,,,,,,,,,,,,,,,,,,,,,,,,,,,,,,,,,,,,,,,,,,,,,,,,,,,,,,,,,,,,,,,,,,,,,,,,,,,,,,,,,,,,,,,,,,,,,,,,,,,,,,,,,,,,,,,,,,,,,,,,,,,,,,,,,,,,,,,,,,,,,,,,,,,,,,,,,,,,,,,,,,,,,,,,,,,,,,,,,,,,,,,,,,,,,,,,,,,,,,,,,,,,,,,,,,
IC2395_CXO-13.0,130.64082787024043,-48.12860970835555,5329110075591310336,,,,,,,,,,,,,,,,,,,,,,,,,,,,,,,,,,,,,,,,,,,,,,,,,,,,,,,,,,,,,,,,,,,,,,,,,,,,,,,,,,,,,,,,,,,,,,,,,,,,,,,,,,,,,,,,,,,,,,,,,,,,,,,,,,,,,,,,,,,,,,,,,,,,,,,,,,,,,,,,,,,,,,,,,,,,,,,,,,,,,,,,,,,,,,,,,,,,,,,,,,,,,,,,,,,,,,,,,,,,,,,,,,,,,,,,,,,,,,,,,,,,,,,,,,,,,,,,,,,,,,,,,,,,,,,,,,,,,,,,,,
IC2395_CXO-121.0,130.5666248006105,-48.05784906780513,5329122994862098432,1636148068921376768,5329122994862098432,1.2359078e-13,6.0954833e-13,0.9982583,2.3478892e-12,0.0017417321,0.0,0.0,0.8514392,0.0,0.14856084,3.32408e-10,2.0216875e-10,1.0,3550.224,3548.6301,3553.984,4.1898,4.1577,4.2242,-0.3635,-0.3928,-0.3321,649.1157,627.9588,667.8981,1.1407,1.1216,1.1605,0.7482,0.7355,0.7613,1.094,1.0761,1.1125,0.6283,0.6175,0.6393,0.4657,0.4586,0.4732,7.645,7.579,7.7163,0.9445,0.914,0.9727,-483.7717,0.52971786,MARCS,,,,,,,,,,,,,,,,,,,,,,,,,,,,,,,,,,,,,,,,,,,,,,,,,,,,,,,,,,,,,,,,,,,,,,,,,,,,,,,,,,,,,,,,,,,,,-0.0024981133,0.19285895,1,-0.839411,,,,,,,,,,,,,,,,,,,,,,92,M,,,,,,,1.0214584,0.97006947,1.0765542,0.15269853,0.13860045,0.16799691,,,,,,,20,398,0.3764653,0.36339518,0.3967353,-0.73809856,0.058592357,0.5,-0.4043465,0.39311346,0.57743454,0.11763689,593.46155,721.72754,504.73352,3555.1626,3748.5342,3115.817,3176.711,3653.1172,3000.0,4.6339183,5.165487,4.233928,4.7454553,5.2,4.244209,0.25267112,0.36787975,0.07762301,200.38039,0.24205251,0.023889013,0,202105281205440160,7.326226e-06,0,0050,5329122994862098432,723.8697,687.2286,775.0361,730.58624,702.7988,762.548,10033,AAA,102244871,08421598-4803284,130.566598,-48.057899,0.07,0.06,0,14.675,0.037,14.002,0.046,13.76,0.052,,2451138.849,108545924,J084215.98-480328.2,130.5665877,-48.0578348,0.0508,0.0504,-0.0065,13.638,0.025,13.657,0.032,12.783,,9.282,,hhHH,0,00nn,AAUU,55432.32427327,55432.32427327,55341.94399064,55341.94399064,,,,,,,,,157283108
IC2395_CXO-99.0,130.6126373184365,-48.0692592414707,5329121998429763584,,,,,,,,,,,,,,,,,,,,,,,,,,,,,,,,,,,,,,,,,,,,,,,,,,,,,,,,,,,,,,,,,,,,,,,,,,,,,,,,,,,,,,,,,,,,,,,,,,,,,,,,,,,,,,,,,,,,,,,,,,,,,,,,,,,,,,,,,,,,,,,,,,,,,,,,,,,,,,,,,,,,,,,,,,,,,,,,,,,,,,,,,,,,,,,,,,,,,,,,,,,,,,,,,,,,,,,,,,,,,,,,,,,,,,,,,,,,,,,,,,,,,,,,,,,,,,,,,,,,,,,,,,,,,,,,,,,,,,,,,,
IC2395_CXO-42.0,130.6746505709361,-48.09821513575147,5329110517973872640,,,,,,,,,,,,,,,,,,,,,,,,,,,,,,,,,,,,,,,,,,,,,,,,,,,,,,,,,,,,,,,,,,,,,,,,,,,,,,,,,,,,,,,,,,,,,,,,,,,,,,,,,,,,,,,,,,,,,,,,,,,,,,,,,,,,,,,,,,,,,,,,,,,,,,,,,,,,,,,,,,,,,,,,,,,,,,,,,,,,,,,,,,,,,,,,,,,,,,,,,,,,,,,,,,,,,,,,,,,,,,,,,,,,,,,,,,,,,,,,,,,,,,,,,,,,,,,,,,,,,,,,,,,,,,,,,,,,,,,,,,
IC2395_CXO-69.0,130.56595947507958,-48.1019697833637,5329122028483726336,1636148068921376768,5329122028483726336,0.000113536575,0.0005657233,0.9992422,4.4629796e-06,7.4128315e-05,0.000113536575,0.0005657233,0.9992422,4.4629796e-06,7.4128315e-05,,,,,,,,,,,,,,,,,,,,,,,,,,,,,,,,,,,,,,,,,,,,,,,,,,,,,,,,,,,,,,,,,,,,,,,,,,,,,,,,,,,,,,,,,,,,,,,,,,,,,,,,,,,,,,,,,,,,,,,,,,,,,,,,,,,,,,,,,,,,,,,,,,,,,,,,,,,,,,,,,,,,,,,,,,,,,,,,,,,,,,,,,,,,,,,,,,,,,,,,,,,,,,,,,,,,,,,,,,,,,,,UEE,102054740,08421584-4806065,130.566007,-48.101822,0.11,0.1,22,12.193,,13.433,0.311,13.149,0.1,,2451138.849,,,,,,,,,,,,,,,,,,,,,,,,,,,,,,,,
IC2395_CXO-118.0,130.52096532782696,-48.10051028901147,5329116977594185728,,,,,,,,,,,,,,,,,,,,,,,,,,,,,,,,,,,,,,,,,,,,,,,,,,,,,,,,,,,,,,,,,,,,,,,,,,,,,,,,,,,,,,,,,,,,,,,,,,,,,,,,,,,,,,,,,,,,,,,,,,,,,,,,,,,,,,,,,,,,,,,,,,,,,,,,,,,,,,,,,,,,,,,,,,,,,,,,,,,,,,,,,,,,,,,,,,,,,,,,,,,,,,,,,,,,,,,,,,,,,,,,,,,,,,,,,,,,,,,,,,,,,,,,,,,,,,,,,,,,,,,,,,,,,,,,,,,,,,,,,,
IC2395_CXO-120.0,130.5203390251555,-48.06816945614357,5329122921830683648,,,,,,,,,,,,,,,,,,,,,,,,,,,,,,,,,,,,,,,,,,,,,,,,,,,,,,,,,,,,,,,,,,,,,,,,,,,,,,,,,,,,,,,,,,,,,,,,,,,,,,,,,,,,,,,,,,,,,,,,,,,,,,,,,,,,,,,,,,,,,,,,,,,,,,,,,,,,,,,,,,,,,,,,,,,,,,,,,,,,,,,,,,,,,,,,,,,,,,,,,,,,,,,,,,,,,,,,,,,,,,,,,,,,,,,,,,,,,,,,,,,,,,,,,,,,,,,,,,,,,,,,,,,,,,,,,,,,,,,,,,
IC2395_CXO-135.0,130.6713076871316,-48.03505409325062,5329122548176171008,1636148068921376768,5329122548176171008,1.0959529e-13,1.924763e-10,0.9999934,2.0038988e-12,6.649662e-06,0.0,3.746503e-06,0.9993317,0.0,0.00066453504,7.3517614e-10,4.800199e-11,1.0,,,,,,,,,,,,,,,,,,,,,,,,,,,,,,,,,,,,,,,,,,,,,,,,,,,,,,,,,,,,,,,,,,,,,,,,,,,,,,,,,,,,,,,,,,,,,,,,,,,,,,,,,,,,,,,,,,,,,,,,,,,,,,,,,,,,,,,,,,,,,,,,,,,,,,,,,,,,,,,,,,,,,,,,,,,,,,,,,,,,,,,,,,,,,,,,,,,,,,,,,,,,,,,,,,,,5329122548176171008,847.9898,589.9358,1246.2108,1504.0352,1239.2842,1855.8342,10033,,,,,,,,,,,,,,,,,,,,,,,,,,,,,,,,,,,,,,,,,,,,,,,,
IC2395_CXO-67.0,130.61480448650676,-48.12688060033534,5329110041240868864,,,,,,,,,,,,,,,,,,,,,,,,,,,,,,,,,,,,,,,,,,,,,,,,,,,,,,,,,,,,,,,,,,,,,,,,,,,,,,,,,,,,,,,,,,,,,,,,,,,,,,,,,,,,,,,,,,,,,,,,,,,,,,,,,,,,,,,,,,,,,,,,,,,,,,,,,,,,,,,,,,,,,,,,,,,,,,,,,,,,,,,,,,,,,,,,,,,,,,,,,,,,,,,,,,,,,,,,,,,,,,,,,,,,,,,,,,,,,,,,,,,,,,,,,,,,,,,,,,,,,,,,,,,,,,,,,,,,,,,,,,
IC2395_CXO-37.0,130.62995606378146,-48.13992382669559,5329110075600640000,1636148068921376768,5329110075600640000,2.068073e-11,1.2832087e-10,0.9999945,1.290215e-10,5.4781576e-06,2.0158561e-06,2.4536153e-06,0.9994474,6.339261e-07,0.0005475215,5.607257e-13,2.1551837e-10,1.0,5588.962,5543.0786,5684.597,4.734,4.719,4.7492,-3.4863,-3.8968,-3.1359,1118.7333,1095.963,1156.5381,1.1086,1.0783,1.1754,0.8934,0.8677,0.9494,1.1522,1.1198,1.2232,0.6556,0.6376,0.6955,0.4964,0.4821,0.5279,6.0923,5.963,6.1523,0.5797,0.5693,0.5931,-560.9007,0.39354232,MARCS,,,,,,,,,,,,,,,,,,,,,,,,,,,,,,,,,,,,,,,,,,,,,,,,,,,,,,,,,,,,,,,,,,,,,,,,,,,,,,,,,,,,,,,,,,,,,0.07945813,0.13845965,0,0.146717,,,,,,,,,,,,,,,,,,,,,,95,G,,,,,,,0.9012497,0.8207351,0.9966097,0.7072272,0.59198445,0.84914345,0.95276034,0.9074558,1.0015862,3.4055054,0.52421665,7.480159,00,201,0.7299432,0.7110532,0.74447036,-0.035814542,0.1591891,0.47615036,-0.6351577,1.4225852,5.0,1.0987663,1677.4246,3023.03,1423.2571,5004.072,5261.9917,4845.7466,4156.8574,8000.0,3604.88,4.839019,5.052761,4.5890226,4.854598,5.2,3.9500093,1.0650325,3.6883879,0.8066249,52.36447,0.22799523,0.036706872,0,,,,,5329110075600640000,1797.6644,1623.5293,2031.8566,1806.2106,1653.8005,2039.641,10033,AAA,101924515,08423226-4807556,130.634424,-48.132122,0.08,0.07,7,15.292,0.066,14.76,0.099,14.391,0.093,,2451138.849,108186511,J084232.16-480755.4,130.6340256,-48.1320634,0.0576,0.0567,-0.0058,13.835,0.028,13.719,0.032,10.797,,7.634,,hhh0,1,00nn,AAUU,55432.2162785,55432.2162785,55342.04793462,55342.04793462,,,,,,,,,157282473
IC2395_CXO-96.0,130.60204122867205,-48.0959810552349,5329121959764294656,,,,,,,,,,,,,,,,,,,,,,,,,,,,,,,,,,,,,,,,,,,,,,,,,,,,,,,,,,,,,,,,,,,,,,,,,,,,,,,,,,,,,,,,,,,,,,,,,,,,,,,,,,,,,,,,,,,,,,,,,,,,,,,,,,,,,,,,,,,,,,,,,,,,,,,,,,,,,,,,,,,,,,,,,,,,,,,,,,,,,,,,,,,,,,,,,,,,,,,,,,,,,,,,,,,,,,,,,,,,,,,,,,,,,,,,,,,,,,,,,,,,,,,,,,,,,,,,,,,,,,,,,,,,,,,,,,,,,,,,,,
IC2395_CXO-137.0,130.58900465699145,-48.0070025489489,5329123505946481664,,,,,,,,,,,,,,,,,,,,,,,,,,,,,,,,,,,,,,,,,,,,,,,,,,,,,,,,,,,,,,,,,,,,,,,,,,,,,,,,,,,,,,,,,,,,,,,,,,,,,,,,,,,,,,,,,,,,,,,,,,,,,,,,,,,,,,,,,,,,,,,,,,,,,,,,,,,,,,,,,,,,,,,,,,,,,,,,,,,,,,,,,,,,,,,,,,,,,,,,,,,,,,,,,,,,,,,,,,,,,,,,,,,,,,,,,,,,,,,,,,,,,,,,,,,,,,,,,,,,,,,,,,,,,,,,,,,,,,,,,,
IC2395_CXO-112.0,130.61760098712634,-48.193404742792566,5329103787768542208,,,,,,,,,,,,,,,,,,,,,,,,,,,,,,,,,,,,,,,,,,,,,,,,,,,,,,,,,,,,,,,,,,,,,,,,,,,,,,,,,,,,,,,,,,,,,,,,,,,,,,,,,,,,,,,,,,,,,,,,,,,,,,,,,,,,,,,,,,,,,,,,,,,,,,,,,,,,,,,,,,,,,,,,,,,,,,,,,,,,,,,,,,,,,,,,,,,,,,,,,,,,,,,,,,,,,,,,,,,,,,,,,,,,,,,,,,,,,,,,,,,,,,,,,,,,,,,,,,,,,,,,,,,,,,,,,,,,,,,,,,
IC2395_CXO-95.0,130.55683596430555,-48.0987626729643,5329122032789447680,,,,,,,,,,,,,,,,,,,,,,,,,,,,,,,,,,,,,,,,,,,,,,,,,,,,,,,,,,,,,,,,,,,,,,,,,,,,,,,,,,,,,,,,,,,,,,,,,,,,,,,,,,,,,,,,,,,,,,,,,,,,,,,,,,,,,,,,,,,,,,,,,,,,,,,,,,,,,,,,,,,,,,,,,,,,,,,,,,,,,,,,,,,,,,,,,,,,,,,,,,,,,,,,,,,,,,,,,,,,,,,,,,,,,,,,,,,,,,,,,,,,,,,,,,,,,,,,,,,,,,,,,,,,,,,,,,,,,,,,,,
IC2395_CXO-92.0,130.55814150297616,-48.10720416287339,5329122032779667456,,,,,,,,,,,,,,,,,,,,,,,,,,,,,,,,,,,,,,,,,,,,,,,,,,,,,,,,,,,,,,,,,,,,,,,,,,,,,,,,,,,,,,,,,,,,,,,,,,,,,,,,,,,,,,,,,,,,,,,,,,,,,,,,,,,,,,,,,,,,,,,,,,,,,,,,,,,,,,,,,,,,,,,,,,,,,,,,,,,,,,,,,,,,,,,,,,,,,,,,,,,,,,,,,,,,,,,,,,,,,,,,,,,,,,,,,,,,,,,,,,,,,,,,,,,,,,,,,,,,,,,,,,,,,,,,,,,,,,,,,,
IC2395_CXO-88.0,130.58604034625424,-48.15499025832485,5329104131365852160,,,,,,,,,,,,,,,,,,,,,,,,,,,,,,,,,,,,,,,,,,,,,,,,,,,,,,,,,,,,,,,,,,,,,,,,,,,,,,,,,,,,,,,,,,,,,,,,,,,,,,,,,,,,,,,,,,,,,,,,,,,,,,,,,,,,,,,,,,,,,,,,,,,,,,,,,,,,,,,,,,,,,,,,,,,,,,,,,,,,,,,,,,,,,,,,,,,,,,,,,,,,,,,,,,,,,,,,,,,,,,,,,,,,,,,,,,,,,,,,,,,,,,,,,,,,,,,,,,,,,,,,,,,,,,,,,,,,,,,,,,
IC2395_CXO-115.0,130.55035032178864,-48.1539723265959,5329115848026889216,,,,,,,,,,,,,,,,,,,,,,,,,,,,,,,,,,,,,,,,,,,,,,,,,,,,,,,,,,,,,,,,,,,,,,,,,,,,,,,,,,,,,,,,,,,,,,,,,,,,,,,,,,,,,,,,,,,,,,,,,,,,,,,,,,,,,,,,,,,,,,,,,,,,,,,,,,,,,,,,,,,,,,,,,,,,,,,,,,,,,,,,,,,,,,,,,,,,,,,,,,,,,,,,,,,,,,,,,,,,,,,,,,,,,,,,,,,,,,,,,,,,,,,,,,,,,,,,,,,,,,,,,,,,,,,,,,,,,,,,,,
IC2395_CXO-68.0,130.55878004685005,-48.12059051056726,5329115951106023424,,,,,,,,,,,,,,,,,,,,,,,,,,,,,,,,,,,,,,,,,,,,,,,,,,,,,,,,,,,,,,,,,,,,,,,,,,,,,,,,,,,,,,,,,,,,,,,,,,,,,,,,,,,,,,,,,,,,,,,,,,,,,,,,,,,,,,,,,,,,,,,,,,,,,,,,,,,,,,,,,,,,,,,,,,,,,,,,,,,,,,,,,,,,,,,,,,,,,,,,,,,,,,,,,,,,,,,,,,,,,,,,,,,,,,,,,,,,,,,,,,,,,,,,,,,,,,,,,,,,,,,,,,,,,,,,,,,,,,,,,,
IC2395_CXO-46.0,130.61679542030913,-48.08044327766128,5329121998429783040,,,,,,,,,,,,,,,,,,,,,,,,,,,,,,,,,,,,,,,,,,,,,,,,,,,,,,,,,,,,,,,,,,,,,,,,,,,,,,,,,,,,,,,,,,,,,,,,,,,,,,,,,,,,,,,,,,,,,,,,,,,,,,,,,,,,,,,,,,,,,,,,,,,,,,,,,,,,,,,,,,,,,,,,,,,,,,,,,,,,,,,,,,,,,,,,,,,,,,,,,,,,,,,,,,,,,,,,,,,,,,,,,,,,,,,,,,,,,,,,,,,,,,,,,,,,,,,,,,,,,,,,,,,,,,,,,,,,,,,,,,
